rank,image_id_a,image_id_b,decision,reason,cosine_gray,hue_l1,path_a,path_b
1,bdbf7055c899f36a,208746da1288ba99,accept,"same print, different colourway",0.9615,1.486,Kaggle_data/train/Pichwai/9557ER2_4_grande_jpg.rf.144bb768e33944c8c246d6629121e69e.jpg,Kaggle_data/valid/Pichwai/image21_jpeg.rf.18a19e0529f7a2ed165958a1dc5fafa1.jpg
2,d7084e8b26d650c2,f618eb35b453e173,accept,"same print, different colourway",0.9418,1.958,Kaggle_data/test/Bandhani/images5_jpg.rf.22013df6d2bb8e2f40dc8905724afd5f.jpg,Kaggle_data/train/Bandhani/sf30171a_jpg.rf.6885b25d87c7dd9dc5e9016014719be8.jpg
3,ee05f5689924af75,b64f816405455500,accept,"same print, different colourway",0.9378,1.965,Kaggle_data/train/Bandhani/IMG_1075_53fed6ab-fbec-4660-918c-7006fbefeb17_jpg.rf.d520a708c5f234d63af4789f44cb61a0.jpg,Kaggle_data/train/Bandhani/IMG_1093_f0e1e7c5-aa80-4e27-a5e8-b775856bf48b_jpg.rf.958c2c933d92e2a529bf81fbf366e124.jpg
4,449d838a43c98e43,bc85cb2debfb6a19,reject,different Ikat motif; shared mannequin staging,0.9319,1.931,Kaggle_data/train/Ikat/IMG_8301_43e00f26-a678-4be3-8834-d74f2a3cbef9_jpg.rf.04cfee23e631e644b493139d8d41fee2.jpg,Kaggle_data/train/Ikat/X2A2804_18df90d0-fd39-4142-b987-9cab48825db6_jpg.rf.b96bc5f5ada7bea18de5724ee9319270.jpg
5,20bd5678cfde39db,cb249e59e620e15f,reject,buti shape not confirmable at thumbnail,0.9286,1.989,Kaggle_data/train/Banarasi/images85_jpg.rf.96bdc3e4aca68de289fbf332b1564e83.jpg,Kaggle_data/valid/Banarasi/images52_jpg.rf.aab1250c2d5ec4b92dd77ffa972d7704.jpg
6,23c5ef40f17000f5,ba89facee3974a66,accept,"same print, different colourway",0.9283,1.905,Kaggle_data/train/Ikat/3E9A9863_c343de3b-c5eb-4c55-a9ac-660be72eb393_jpg.rf.d714e6a9643863f61f5b6a245aeed2dc.jpg,Kaggle_data/train/Ikat/MG_5075_a4aacb6c-5896-4ca2-a23a-e86ccce1206e_jpg.rf.0380fc3f19d2ed54f96e2447c08858d6.jpg
7,449d838a43c98e43,ba89facee3974a66,reject,different Ikat motif (diamonds vs arrows); shared staging,0.926,1.779,Kaggle_data/train/Ikat/IMG_8301_43e00f26-a678-4be3-8834-d74f2a3cbef9_jpg.rf.04cfee23e631e644b493139d8d41fee2.jpg,Kaggle_data/train/Ikat/MG_5075_a4aacb6c-5896-4ca2-a23a-e86ccce1206e_jpg.rf.0380fc3f19d2ed54f96e2447c08858d6.jpg
8,538f9bcef6e590cc,ba89facee3974a66,reject,different motif (squares vs arrows),0.9258,1.388,Kaggle_data/train/Ikat/image_jpeg.rf.0317e2cea8fc10a73320f888f6d5ad37.jpg,Kaggle_data/train/Ikat/MG_5075_a4aacb6c-5896-4ca2-a23a-e86ccce1206e_jpg.rf.0380fc3f19d2ed54f96e2447c08858d6.jpg
9,23c5ef40f17000f5,449d838a43c98e43,reject,different motif (arrows vs diamonds),0.9242,1.692,Kaggle_data/train/Ikat/3E9A9863_c343de3b-c5eb-4c55-a9ac-660be72eb393_jpg.rf.d714e6a9643863f61f5b6a245aeed2dc.jpg,Kaggle_data/train/Ikat/IMG_8301_43e00f26-a678-4be3-8834-d74f2a3cbef9_jpg.rf.04cfee23e631e644b493139d8d41fee2.jpg
10,655d74d5314a23ad,c10cef81fde72d70,accept,"same print, different colourway",0.923,1.195,Kaggle_data/valid/Banarasi/images119_jpg.rf.67c7f20618faecd322a604151a61cb29.jpg,Kaggle_data/valid/Banarasi/images162_jpg.rf.9d2e28a2072083e15810a99dabe7246c.jpg
11,5e0981831c281d58,fa40b7b011e37321,accept,"same print, different colourway",0.9219,1.047,Kaggle_data/train/Pichwai/whatsapp-image-2023-09-19-at-10-28-51-pm-6-500x500_jpeg.rf.552fd5421b21288407f36bf79fdf17b8.jpg,Kaggle_data/valid/Pichwai/images23_jpg.rf.bbfb789f70b3c46f7f7cb21c275d5ce8.jpg
12,93b1de3180b9b2ab,b378e180de1c7b05,accept,"same print, different colourway",0.9133,0.995,Kaggle_data/train/Pichwai/Instagrampost-256_800x_png.rf.2fd70e72b8f0846ee8b664d024eab506.jpg,Kaggle_data/train/Pichwai/Instagrampost-266_800x_png.rf.7d7fc696034dcfdc5a5bc388a2cb7049.jpg
13,bd2aa397870736a9,ad5dd639e7934ae3,accept,"same print, different colourway",0.9129,2.0,Kaggle_data/test/Bandhani/IMG_20231119_154540_630_jpg.rf.7b624fb383324fb4f24fa66b89bae082.jpg,Kaggle_data/test/Bandhani/IMG_20231119_154540_699_jpg.rf.d35040c7899e22c1390c3dc7b1c87d33.jpg
14,39323430b249b600,0402f89197261065,accept,"same print, different colourway",0.9115,2.0,Kaggle_data/train/Bandhani/31002422-A_61fa5323-606c-4d92-a718-f1a666feb333_jpg.rf.c244c99d52e7c1bf0bebecc34b6b6cf3.jpg,Kaggle_data/valid/Bandhani/31001385-A_jpg.rf.1f4ce34273ee0d9dddf8afbb7f0f3ae1.jpg
15,ac2233ca2f180658,655d74d5314a23ad,accept,"same print, different colourway",0.9102,1.275,Kaggle_data/train/Banarasi/images152_jpg.rf.e96b1334a723cc1010f96a7472ff5816.jpg,Kaggle_data/valid/Banarasi/images119_jpg.rf.67c7f20618faecd322a604151a61cb29.jpg
16,b86abaa0584d52db,924395959b6404d1,accept,"same print, different colourway",0.9094,1.394,Kaggle_data/test/Pichwai/20230304_152640_clipped_rev_1_1024x_jpg.rf.f01a13e32091bd2d1b855478593e97ab.jpg,Kaggle_data/train/Pichwai/20230304_152947_clipped_rev_1_1024x_jpg.rf.3225331836fc17e6ec5480a02525ec92.jpg
17,d8fed1a77e6f5000,32bae98dc4b430fa,accept,"same print, different colourway",0.9088,0.888,Kaggle_data/valid/Ikat/images27_jpg.rf.494e8841fc06959d66550d0f81ec1d29.jpg,Kaggle_data/valid/Ikat/images33_jpg.rf.4f0a0a90ee7f0ee1d1d3d8f81a1b6ac4.jpg
18,ba89facee3974a66,bc85cb2debfb6a19,reject,different motif; shared mannequin staging,0.9088,1.523,Kaggle_data/train/Ikat/MG_5075_a4aacb6c-5896-4ca2-a23a-e86ccce1206e_jpg.rf.0380fc3f19d2ed54f96e2447c08858d6.jpg,Kaggle_data/train/Ikat/X2A2804_18df90d0-fd39-4142-b987-9cab48825db6_jpg.rf.b96bc5f5ada7bea18de5724ee9319270.jpg
19,803d52b918b6d6ce,e965cf37de752eb7,accept,"same print, different colourway",0.9081,1.945,Kaggle_data/test/Bandhani/B-09766_jpg.rf.bf4302dbb46f049f7364334bcf7d1c3c.jpg,Kaggle_data/train/Bandhani/images_jpg.rf.40b937876bf4c09bd79e64ebefd80a0c.jpg
20,fff85dafe934994f,7f250980430bd046,accept,"same print, different colourway",0.9058,1.996,Kaggle_data/train/Ikat/dsc00106_jpg.rf.801cc5fe00801f72d49ff244e3c32546.jpg,Kaggle_data/train/Ikat/image10_jpeg.rf.a469adfa36b7a9cb3e4d0b99557e61ca.jpg
21,859fcab35371b2d3,3eb0d3b60589220b,accept,"same print, different colourway",0.9055,1.965,Kaggle_data/train/Banarasi/images130_jpg.rf.91da2397795548f7c01c964f5bcf892e.jpg,Kaggle_data/valid/Banarasi/images167_jpg.rf.5ce0cd0c83a0d1344a1900b32a42dd41.jpg
22,74bae1b769e6eb64,7aef1d4309fb69ee,accept,"same print, different colourway",0.9045,2.0,Kaggle_data/train/Banarasi/images137_jpg.rf.98bf6425eddd6a374e163eda86696204.jpg,Kaggle_data/valid/Banarasi/images117_jpg.rf.7d38bea6af5f6cec8960e018f03ab184.jpg
23,9e54331bc4861a07,7ca26d2aed78238c,accept,"same print, different colourway",0.9032,1.908,Kaggle_data/train/Ikat/images20_jpg.rf.affe7e8b1fc9caf04a7e70cba5d202bd.jpg,Kaggle_data/train/Ikat/images4_jpg.rf.a946d664d0acc0eeba73bbb244189004.jpg
24,00ee81e79a21a13e,d3526526ebcdbc8f,reject,different floral density,0.9025,0.78,Kaggle_data/train/Banarasi/images10_jpg.rf.801bc21dd1c27236472037920c02e7c8.jpg,Kaggle_data/train/Banarasi/images170_jpg.rf.60f175403ad1c7b5a35b4b2b236c2367.jpg
25,d3526526ebcdbc8f,7aef1d4309fb69ee,accept,"same print, different colourway",0.8998,1.999,Kaggle_data/train/Banarasi/images170_jpg.rf.60f175403ad1c7b5a35b4b2b236c2367.jpg,Kaggle_data/valid/Banarasi/images117_jpg.rf.7d38bea6af5f6cec8960e018f03ab184.jpg
26,538f9bcef6e590cc,bc85cb2debfb6a19,reject,different motif; shared mannequin staging,0.8995,1.907,Kaggle_data/train/Ikat/image_jpeg.rf.0317e2cea8fc10a73320f888f6d5ad37.jpg,Kaggle_data/train/Ikat/X2A2804_18df90d0-fd39-4142-b987-9cab48825db6_jpg.rf.b96bc5f5ada7bea18de5724ee9319270.jpg
27,9f08d679af0fe90c,168c953856f17220,accept,"same print, different colourway",0.8994,1.557,Kaggle_data/train/Pichwai/image23_jpeg.rf.641baff42acbb85dce1027d21baef9d0.jpg,Kaggle_data/train/Pichwai/images18_jpg.rf.f661fc2312596024717740faa5592249.jpg
28,a4b7216816b10b2b,9e54331bc4861a07,reject,stripe motif not confirmable,0.896,1.92,Kaggle_data/test/Ikat/images17_jpg.rf.8edb0cdfbf642887526f8b064d7c67c9.jpg,Kaggle_data/train/Ikat/images20_jpg.rf.affe7e8b1fc9caf04a7e70cba5d202bd.jpg
29,f5cb42d13ab04ae7,632d0e99c00a69b3,reject,different layout (diagonal stripes vs zigzag),0.8926,1.972,Kaggle_data/test/Bandhani/DN-1007-1_cd147f84-3622-4f10-b256-e8dcde432b00_jpg.rf.9ef2f61f872fc76791cb97da837b2659.jpg,Kaggle_data/valid/Bandhani/DN-1015-1_921d9151-9a55-48a2-acbc-753a348b9609_jpg.rf.ff238411cf444b79ed5a8b96a8223a45.jpg
30,538f9bcef6e590cc,449d838a43c98e43,reject,different Ikat motif,0.8901,1.176,Kaggle_data/train/Ikat/image_jpeg.rf.0317e2cea8fc10a73320f888f6d5ad37.jpg,Kaggle_data/train/Ikat/IMG_8301_43e00f26-a678-4be3-8834-d74f2a3cbef9_jpg.rf.04cfee23e631e644b493139d8d41fee2.jpg
31,39323430b249b600,f9e454fbf0896210,accept,"same print, different colourway",0.8892,2.0,Kaggle_data/train/Bandhani/31002422-A_61fa5323-606c-4d92-a718-f1a666feb333_jpg.rf.c244c99d52e7c1bf0bebecc34b6b6cf3.jpg,Kaggle_data/valid/Bandhani/17003301_jpg.rf.dc1c07731a4ece3345839e02ebcccaed.jpg
32,e8f1b9caeb45e8b9,f618eb35b453e173,accept,"same print, different colourway",0.8881,1.953,Kaggle_data/train/Bandhani/20210407_103036-480x480_jpg.rf.0edc4da9daa1694820add04d2e201a8c.jpg,Kaggle_data/train/Bandhani/sf30171a_jpg.rf.6885b25d87c7dd9dc5e9016014719be8.jpg
33,00ee81e79a21a13e,7aef1d4309fb69ee,reject,different floral motif,0.888,1.999,Kaggle_data/train/Banarasi/images10_jpg.rf.801bc21dd1c27236472037920c02e7c8.jpg,Kaggle_data/valid/Banarasi/images117_jpg.rf.7d38bea6af5f6cec8960e018f03ab184.jpg
34,cb249e59e620e15f,98f0b95cf2c3cbcc,reject,different buti (small vs large floral),0.8875,1.976,Kaggle_data/valid/Banarasi/images52_jpg.rf.aab1250c2d5ec4b92dd77ffa972d7704.jpg,Kaggle_data/valid/Bandhani/IG_00829_eff47dcc-f42e-4b12-93e9-ff0baf07302c_jpg.rf.1f959ac57c5d571dc24e38a229ceabc5.jpg
35,290f5a37568d303b,f618eb35b453e173,accept,"same print, different colourway",0.8861,1.96,Kaggle_data/train/Bandhani/image3_jpeg.rf.1f915f8ed66eaf1c6e1a91df1db66678.jpg,Kaggle_data/train/Bandhani/sf30171a_jpg.rf.6885b25d87c7dd9dc5e9016014719be8.jpg
36,ae663ac3ae92667b,b8318464ca1a0b8e,accept,"same print, different colourway",0.8857,2.0,Kaggle_data/train/Bandhani/image13_jpeg.rf.c1368264f30a9336a7d575da1a083a5d.jpg,Kaggle_data/train/Bandhani/sf30180a_jpg.rf.2a2b890dd8ec50826803949b4ea585d2.jpg
37,bc252e3872e7b053,184d6709f4142f26,reject,different layout (paisley vs stripes),0.8847,1.486,Kaggle_data/train/Bandhani/black-digital-printed-cotton-bandhani-design-fabric-1-mtr-306022_jpg.rf.cc959a77b758390a5273e48aea05ded5.jpg,Kaggle_data/valid/Bandhani/raw-silk-bandhani-print-fabric-red-m-foks-1_webp.rf.11e65c45126600241fd51bea388c3f9c.jpg
38,f89824bab740a427,bda19c0c909ff3f0,accept,"same print, different colourway",0.8842,1.603,Kaggle_data/train/Banarasi/images125_jpg.rf.08f536fb9f8a3fa56c58ef43826c54df.jpg,Kaggle_data/train/Banarasi/images90_jpg.rf.ccc5c694bc34a07d1761138c5c3d1f2f.jpg
39,ee18406530affb9a,3eb0d3b60589220b,accept,"same print, different colourway",0.8841,1.935,Kaggle_data/train/Banarasi/images134_jpg.rf.d86420036229b9944551b4ad04b8740a.jpg,Kaggle_data/valid/Banarasi/images167_jpg.rf.5ce0cd0c83a0d1344a1900b32a42dd41.jpg
40,bda19c0c909ff3f0,cb249e59e620e15f,accept,"same print, different colourway",0.884,1.994,Kaggle_data/train/Banarasi/images90_jpg.rf.ccc5c694bc34a07d1761138c5c3d1f2f.jpg,Kaggle_data/valid/Banarasi/images52_jpg.rf.aab1250c2d5ec4b92dd77ffa972d7704.jpg
41,aa787e0f04f27de8,f9e454fbf0896210,accept,"same print, different colourway",0.8802,1.719,Kaggle_data/train/Bandhani/BL0032BLP1_jpg.rf.c2fbab397bbd07cb1a2961bd4a3cde99.jpg,Kaggle_data/valid/Bandhani/17003301_jpg.rf.dc1c07731a4ece3345839e02ebcccaed.jpg
42,a50f43291395f5d5,0402f89197261065,accept,"same print, different colourway",0.8791,1.981,Kaggle_data/test/Bandhani/31001554-A_jpg.rf.3609a5870527b60a320476d85573322d.jpg,Kaggle_data/valid/Bandhani/31001385-A_jpg.rf.1f4ce34273ee0d9dddf8afbb7f0f3ae1.jpg
43,759484586535c01a,db53e5c2f16d0797,accept,"same print, different colourway",0.8787,1.94,Kaggle_data/train/Ikat/image19_jpeg.rf.0edf67e6afe4c4528d1dc1cc522f1179.jpg,Kaggle_data/train/Ikat/image22_jpeg.rf.8a0d6201d822ab1b22eaeabc2eceb0f6.jpg
44,23c5ef40f17000f5,bc85cb2debfb6a19,reject,different motif; shared mannequin staging,0.8782,1.93,Kaggle_data/train/Ikat/3E9A9863_c343de3b-c5eb-4c55-a9ac-660be72eb393_jpg.rf.d714e6a9643863f61f5b6a245aeed2dc.jpg,Kaggle_data/train/Ikat/X2A2804_18df90d0-fd39-4142-b987-9cab48825db6_jpg.rf.b96bc5f5ada7bea18de5724ee9319270.jpg
45,bda19c0c909ff3f0,873ab2caa2d8a2a1,reject,different family and motif,0.8767,1.573,Kaggle_data/train/Banarasi/images90_jpg.rf.ccc5c694bc34a07d1761138c5c3d1f2f.jpg,Kaggle_data/train/Ikat/images28_jpg.rf.9790497267822a0b02660e79aa8988de.jpg
46,fab9cbed383178da,a1468c7c7264c2aa,reject,different motif,0.8767,1.471,Kaggle_data/valid/Banarasi/images151_jpg.rf.393c9275148fb0b7e029cc459d834ac2.jpg,Kaggle_data/valid/Banarasi/images98_jpg.rf.6b4261ae357402814724db22351a5d6c.jpg
47,38d183e1b6536241,53a07c97c2532b34,reject,different floral motif,0.8763,1.949,Kaggle_data/train/Banarasi/image34_jpeg.rf.9ad5535c987c9f9ead7abb15653150ab.jpg,Kaggle_data/valid/Banarasi/images177_jpg.rf.4a5995be229a36b52d0c75382decde76.jpg
48,fed35491c3093f07,cb249e59e620e15f,reject,different pattern,0.8754,1.995,Kaggle_data/valid/Banarasi/images141_jpg.rf.61bed5f166a9d3476dc20ac4f4f30d09.jpg,Kaggle_data/valid/Banarasi/images52_jpg.rf.aab1250c2d5ec4b92dd77ffa972d7704.jpg
49,446812c6513d4d17,1536050438541fb6,accept,"same print, different colourway",0.875,0.682,Kaggle_data/train/Bandhani/indian-saree-texture-bandhani-print-600nw-1988687258_jpg.rf.1a796e9a88306f9616aafb4f41320e8a.jpg,Kaggle_data/valid/Bandhani/white-and-yellow-bandhani-print-on-red-kota-doria-fabric-635547_jpg.rf.f7fefce0320c4e0ed3f1724016fc0171.jpg
50,8e9accf23b09186b,4f961e074db42388,accept,"same print, different colourway",0.8748,1.395,Kaggle_data/train/Pichwai/images3_jpg.rf.e7dac320ad95af2944a07ffafefa863d.jpg,Kaggle_data/valid/Pichwai/94235-3-401_jpg.rf.ed0cb5a1022b45db49f5338cde3a58f2.jpg
51,00ee81e79a21a13e,a41317d2f6920a6d,reject,different floral motif,0.874,0.702,Kaggle_data/train/Banarasi/images10_jpg.rf.801bc21dd1c27236472037920c02e7c8.jpg,Kaggle_data/train/Banarasi/images175_jpg.rf.856a2d91a0c766c7bc8c93bc8fe72cd1.jpg
52,873ab2caa2d8a2a1,34d23cb794713961,reject,dash motif not confirmable,0.8718,1.913,Kaggle_data/train/Ikat/images28_jpg.rf.9790497267822a0b02660e79aa8988de.jpg,Kaggle_data/valid/Ikat/F-IKCT0803-A_jpg.rf.7ceeece8c27887bff5486334885d2b95.jpg
53,d2e894af5e728f53,d8fed1a77e6f5000,accept,"same print, different colourway",0.8717,0.96,Kaggle_data/test/Ikat/B590787E-3B4C-431F-BFEB-FCF57C5D44DE_1_201_a_300x300_jpg.rf.7e6fcb424b49135ac91a6aa3ff45945e.jpg,Kaggle_data/valid/Ikat/images27_jpg.rf.494e8841fc06959d66550d0f81ec1d29.jpg
54,c6e83c415347666c,7aef1d4309fb69ee,reject,different floral motif,0.8716,1.999,Kaggle_data/train/Banarasi/images145_jpg.rf.43081cbeb1a47457193e901e40ad916e.jpg,Kaggle_data/valid/Banarasi/images117_jpg.rf.7d38bea6af5f6cec8960e018f03ab184.jpg
55,00ee81e79a21a13e,94c97bfa40216b1f,reject,different family and motif,0.8698,0.786,Kaggle_data/train/Banarasi/images10_jpg.rf.801bc21dd1c27236472037920c02e7c8.jpg,Kaggle_data/train/Bandhani/images14_jpg.rf.a64755fd48a7d726fdafba098a4de86a.jpg
56,00ee81e79a21a13e,c6e83c415347666c,reject,different motif,0.8677,1.732,Kaggle_data/train/Banarasi/images10_jpg.rf.801bc21dd1c27236472037920c02e7c8.jpg,Kaggle_data/train/Banarasi/images145_jpg.rf.43081cbeb1a47457193e901e40ad916e.jpg
57,75d5397339f4c624,e10bed4674103832,reject,different brocade motif,0.8666,1.533,Kaggle_data/train/Banarasi/banarasi-fabric_jpg.rf.a5d91ad42de4a5a8674c47aa8da5ab12.jpg,Kaggle_data/valid/Banarasi/images111_jpg.rf.bfa03bfb2c97b61f105b61992813f494.jpg
58,fa40b7b011e37321,1d02545ae51c9657,reject,different lotus arrangement,0.8662,1.508,Kaggle_data/valid/Pichwai/images23_jpg.rf.bbfb789f70b3c46f7f7cb21c275d5ce8.jpg,Kaggle_data/valid/Pichwai/PICHWAI-100014-03_jpg.rf.efd886ae868cd7ec93361a52c7c4fb24.jpg
59,873ab2caa2d8a2a1,cb249e59e620e15f,reject,different family and motif,0.866,1.985,Kaggle_data/train/Ikat/images28_jpg.rf.9790497267822a0b02660e79aa8988de.jpg,Kaggle_data/valid/Banarasi/images52_jpg.rf.aab1250c2d5ec4b92dd77ffa972d7704.jpg
60,affb2c8ec738f752,319143c65af6f91a,accept,"same print, different colourway",0.8656,0.648,Kaggle_data/test/Pichwai/image_jpeg.rf.49028afa3604f5d282392217654617c6.jpg,Kaggle_data/train/Pichwai/image29_jpeg.rf.09aea972b709752a97308ccef9d6dd81.jpg
61,a41317d2f6920a6d,184d6709f4142f26,unreviewed,,0.8655,0.922,Kaggle_data/train/Banarasi/images175_jpg.rf.856a2d91a0c766c7bc8c93bc8fe72cd1.jpg,Kaggle_data/valid/Bandhani/raw-silk-bandhani-print-fabric-red-m-foks-1_webp.rf.11e65c45126600241fd51bea388c3f9c.jpg
62,ac2233ca2f180658,fff85dafe934994f,unreviewed,,0.8652,1.849,Kaggle_data/train/Banarasi/images152_jpg.rf.e96b1334a723cc1010f96a7472ff5816.jpg,Kaggle_data/train/Ikat/dsc00106_jpg.rf.801cc5fe00801f72d49ff244e3c32546.jpg
63,873ab2caa2d8a2a1,00478e64c542bb5c,unreviewed,,0.8645,2.0,Kaggle_data/train/Ikat/images28_jpg.rf.9790497267822a0b02660e79aa8988de.jpg,Kaggle_data/train/Ikat/images5_jpg.rf.0c7fc5d5fb24ada40b9d93705277d207.jpg
64,20bd5678cfde39db,4e815dd19eec5417,unreviewed,,0.8624,2.0,Kaggle_data/train/Banarasi/images85_jpg.rf.96bdc3e4aca68de289fbf332b1564e83.jpg,Kaggle_data/train/Bandhani/DSC_0730_1024x1024_jpg.rf.2e746cade69e15c2d2f2b639d3d7ce3c.jpg
65,1dcbc92976239255,873ab2caa2d8a2a1,unreviewed,,0.8624,1.945,Kaggle_data/train/Ikat/F-IKCT0707-A_jpg.rf.534d0c695e6a1a85a4c4b37c8d516481.jpg,Kaggle_data/train/Ikat/images28_jpg.rf.9790497267822a0b02660e79aa8988de.jpg
66,c6e83c415347666c,a41317d2f6920a6d,unreviewed,,0.8622,1.893,Kaggle_data/train/Banarasi/images145_jpg.rf.43081cbeb1a47457193e901e40ad916e.jpg,Kaggle_data/train/Banarasi/images175_jpg.rf.856a2d91a0c766c7bc8c93bc8fe72cd1.jpg
67,41d5ceac36ad0468,fed35491c3093f07,unreviewed,,0.8616,2.0,Kaggle_data/train/Banarasi/images105_jpg.rf.0aae454fcc8ecac5c6f60a0933a5e8fb.jpg,Kaggle_data/valid/Banarasi/images141_jpg.rf.61bed5f166a9d3476dc20ac4f4f30d09.jpg
68,9f08d679af0fe90c,f58fec8aaf2ad635,unreviewed,,0.8615,1.52,Kaggle_data/train/Pichwai/image23_jpeg.rf.641baff42acbb85dce1027d21baef9d0.jpg,Kaggle_data/valid/Pichwai/images13_jpg.rf.b1b9fd7cc1bfc8df2ae4285a5b9f41fb.jpg
69,d7084e8b26d650c2,290f5a37568d303b,unreviewed,,0.8609,2.0,Kaggle_data/test/Bandhani/images5_jpg.rf.22013df6d2bb8e2f40dc8905724afd5f.jpg,Kaggle_data/train/Bandhani/image3_jpeg.rf.1f915f8ed66eaf1c6e1a91df1db66678.jpg
70,53a07c97c2532b34,a1468c7c7264c2aa,unreviewed,,0.8607,1.704,Kaggle_data/valid/Banarasi/images177_jpg.rf.4a5995be229a36b52d0c75382decde76.jpg,Kaggle_data/valid/Banarasi/images98_jpg.rf.6b4261ae357402814724db22351a5d6c.jpg
71,202284a54d5f1e1f,e979bc01c911aba7,unreviewed,,0.8606,1.959,Kaggle_data/train/Banarasi/image29_jpeg.rf.5d2aee6b6703e0c7d52400df8c59b60f.jpg,Kaggle_data/train/Banarasi/images36_jpg.rf.23a0e08774e55fbade1d4fe281a30e6b.jpg
72,db4005aa9cd8d16c,02f92d52dfa9885c,unreviewed,,0.8597,2.0,Kaggle_data/train/Banarasi/images4_jpg.rf.2431abc4d0c043ecfd654f1a3b9de171.jpg,Kaggle_data/train/Banarasi/images57_jpg.rf.f77d2a71b98bd43ebff65e275c8a9978.jpg
73,c632fdf7f463b1f3,e979bc01c911aba7,unreviewed,,0.8596,1.432,Kaggle_data/train/Banarasi/image32_jpeg.rf.84588d92c46676b4ee39ac30662e4794.jpg,Kaggle_data/train/Banarasi/images36_jpg.rf.23a0e08774e55fbade1d4fe281a30e6b.jpg
74,dcd71af2bd1d82eb,9eb15d7fdb38a852,unreviewed,,0.8595,1.583,Kaggle_data/test/Pichwai/-wall-decor-blue-8-inch-product-images-orvq71dvz4d-p604000989-0-202308211412_jpg.rf.2a053d85a534c86008d13ce311e5a44c.jpg,Kaggle_data/valid/Pichwai/ll-decor-yellow-10-inch-product-images-orvqmxnfwmn-p604000997-0-202308211413_jpg.rf.72f700ff0d677e5daa3d6c07ca3b93da.jpg
75,1dcbc92976239255,34d23cb794713961,unreviewed,,0.859,1.998,Kaggle_data/train/Ikat/F-IKCT0707-A_jpg.rf.534d0c695e6a1a85a4c4b37c8d516481.jpg,Kaggle_data/valid/Ikat/F-IKCT0803-A_jpg.rf.7ceeece8c27887bff5486334885d2b95.jpg
76,bda19c0c909ff3f0,c76b1bc893cab0d7,unreviewed,,0.8589,1.997,Kaggle_data/train/Banarasi/images90_jpg.rf.ccc5c694bc34a07d1761138c5c3d1f2f.jpg,Kaggle_data/valid/Bandhani/31006948-A_641a9e6a-9bdd-4394-8bd7-5a1b221f87e4_jpg.rf.7eeb7f2bc46c83c1c093cbb061b755cf.jpg
77,38d183e1b6536241,2fb4425ebd9e7746,unreviewed,,0.8573,0.971,Kaggle_data/train/Banarasi/image34_jpeg.rf.9ad5535c987c9f9ead7abb15653150ab.jpg,Kaggle_data/train/Banarasi/images34_jpg.rf.b3f1fbe6f59cf6ceebea8c5b48071297.jpg
78,38d183e1b6536241,a1468c7c7264c2aa,unreviewed,,0.8567,1.967,Kaggle_data/train/Banarasi/image34_jpeg.rf.9ad5535c987c9f9ead7abb15653150ab.jpg,Kaggle_data/valid/Banarasi/images98_jpg.rf.6b4261ae357402814724db22351a5d6c.jpg
79,20bd5678cfde39db,873ab2caa2d8a2a1,unreviewed,,0.8561,1.568,Kaggle_data/train/Banarasi/images85_jpg.rf.96bdc3e4aca68de289fbf332b1564e83.jpg,Kaggle_data/train/Ikat/images28_jpg.rf.9790497267822a0b02660e79aa8988de.jpg
80,00ee81e79a21a13e,184d6709f4142f26,unreviewed,,0.8557,1.341,Kaggle_data/train/Banarasi/images10_jpg.rf.801bc21dd1c27236472037920c02e7c8.jpg,Kaggle_data/valid/Bandhani/raw-silk-bandhani-print-fabric-red-m-foks-1_webp.rf.11e65c45126600241fd51bea388c3f9c.jpg
81,3b6325b4240af513,a41317d2f6920a6d,unreviewed,,0.8553,1.877,Kaggle_data/train/Banarasi/images153_jpg.rf.49c550e5d15dbadf25ed92128adcc225.jpg,Kaggle_data/train/Banarasi/images175_jpg.rf.856a2d91a0c766c7bc8c93bc8fe72cd1.jpg
82,74bae1b769e6eb64,53a07c97c2532b34,unreviewed,,0.8549,1.995,Kaggle_data/train/Banarasi/images137_jpg.rf.98bf6425eddd6a374e163eda86696204.jpg,Kaggle_data/valid/Banarasi/images177_jpg.rf.4a5995be229a36b52d0c75382decde76.jpg
83,4463d390d098647e,0402f89197261065,unreviewed,,0.8546,0.888,Kaggle_data/test/Bandhani/31001818-A_jpg.rf.298651e75c406ba3a0b4c4b83cd7a624.jpg,Kaggle_data/valid/Bandhani/31001385-A_jpg.rf.1f4ce34273ee0d9dddf8afbb7f0f3ae1.jpg
84,290f5a37568d303b,c983e328bad83742,unreviewed,,0.8541,1.352,Kaggle_data/train/Bandhani/image3_jpeg.rf.1f915f8ed66eaf1c6e1a91df1db66678.jpg,Kaggle_data/train/Bandhani/images7_jpg.rf.9405c44c548b6945331d0ba22bd5c048.jpg
85,318f96ef31b9f54a,446812c6513d4d17,unreviewed,,0.8536,0.872,Kaggle_data/test/Bandhani/O-01438_jpg.rf.4326e09d3dd9ef231fae57c8a6e6a0c0.jpg,Kaggle_data/train/Bandhani/indian-saree-texture-bandhani-print-600nw-1988687258_jpg.rf.1a796e9a88306f9616aafb4f41320e8a.jpg
86,168c953856f17220,f58fec8aaf2ad635,unreviewed,,0.8534,1.244,Kaggle_data/train/Pichwai/images18_jpg.rf.f661fc2312596024717740faa5592249.jpg,Kaggle_data/valid/Pichwai/images13_jpg.rf.b1b9fd7cc1bfc8df2ae4285a5b9f41fb.jpg
87,7aef1d4309fb69ee,98f0b95cf2c3cbcc,unreviewed,,0.8532,1.999,Kaggle_data/valid/Banarasi/images117_jpg.rf.7d38bea6af5f6cec8960e018f03ab184.jpg,Kaggle_data/valid/Bandhani/IG_00829_eff47dcc-f42e-4b12-93e9-ff0baf07302c_jpg.rf.1f959ac57c5d571dc24e38a229ceabc5.jpg
88,bda19c0c909ff3f0,98f0b95cf2c3cbcc,unreviewed,,0.8529,0.675,Kaggle_data/train/Banarasi/images90_jpg.rf.ccc5c694bc34a07d1761138c5c3d1f2f.jpg,Kaggle_data/valid/Bandhani/IG_00829_eff47dcc-f42e-4b12-93e9-ff0baf07302c_jpg.rf.1f959ac57c5d571dc24e38a229ceabc5.jpg
89,873ab2caa2d8a2a1,c76b1bc893cab0d7,unreviewed,,0.8529,1.985,Kaggle_data/train/Ikat/images28_jpg.rf.9790497267822a0b02660e79aa8988de.jpg,Kaggle_data/valid/Bandhani/31006948-A_641a9e6a-9bdd-4394-8bd7-5a1b221f87e4_jpg.rf.7eeb7f2bc46c83c1c093cbb061b755cf.jpg
90,be4d3a2360ca15f3,cb249e59e620e15f,unreviewed,,0.8526,1.989,Kaggle_data/train/Bandhani/5469_jpg.rf.1e8f9b95f3daaeb7cf82c2fb01f74c28.jpg,Kaggle_data/valid/Banarasi/images52_jpg.rf.aab1250c2d5ec4b92dd77ffa972d7704.jpg
91,bc252e3872e7b053,592efb464a16130f,unreviewed,,0.8514,1.565,Kaggle_data/train/Bandhani/black-digital-printed-cotton-bandhani-design-fabric-1-mtr-306022_jpg.rf.cc959a77b758390a5273e48aea05ded5.jpg,Kaggle_data/train/Bandhani/image17_jpeg.rf.072400d91e0a61617e9089f9ad99c2bc.jpg
92,38d183e1b6536241,2047f95d5e636805,unreviewed,,0.851,1.721,Kaggle_data/train/Banarasi/image34_jpeg.rf.9ad5535c987c9f9ead7abb15653150ab.jpg,Kaggle_data/train/Banarasi/images6_jpg.rf.f5029f29ce888a8d6dc7464e0d785927.jpg
93,e5e1deec24274e8b,f9e454fbf0896210,unreviewed,,0.851,1.94,Kaggle_data/train/Bandhani/il_570xN-4871894863_f6vo_jpg.rf.de72bad29951b01dd7d61e6329338c86.jpg,Kaggle_data/valid/Bandhani/17003301_jpg.rf.dc1c07731a4ece3345839e02ebcccaed.jpg
94,a50f43291395f5d5,39323430b249b600,unreviewed,,0.8509,2.0,Kaggle_data/test/Bandhani/31001554-A_jpg.rf.3609a5870527b60a320476d85573322d.jpg,Kaggle_data/train/Bandhani/31002422-A_61fa5323-606c-4d92-a718-f1a666feb333_jpg.rf.c244c99d52e7c1bf0bebecc34b6b6cf3.jpg
95,c632fdf7f463b1f3,b60953c1a10900dd,unreviewed,,0.8509,1.57,Kaggle_data/train/Banarasi/image32_jpeg.rf.84588d92c46676b4ee39ac30662e4794.jpg,Kaggle_data/train/Banarasi/images37_jpg.rf.2e18c4e6dd30ba0831e1572f6f8102a1.jpg
96,39323430b249b600,aa787e0f04f27de8,unreviewed,,0.8507,1.967,Kaggle_data/train/Bandhani/31002422-A_61fa5323-606c-4d92-a718-f1a666feb333_jpg.rf.c244c99d52e7c1bf0bebecc34b6b6cf3.jpg,Kaggle_data/train/Bandhani/BL0032BLP1_jpg.rf.c2fbab397bbd07cb1a2961bd4a3cde99.jpg
97,2fb4425ebd9e7746,e71a093765197dbe,unreviewed,,0.8498,1.353,Kaggle_data/train/Banarasi/images34_jpg.rf.b3f1fbe6f59cf6ceebea8c5b48071297.jpg,Kaggle_data/valid/Banarasi/images164_jpg.rf.c0eeb4152628c1ff26471b3ec654e1bf.jpg
98,a50f43291395f5d5,bda19c0c909ff3f0,unreviewed,,0.8494,1.89,Kaggle_data/test/Bandhani/31001554-A_jpg.rf.3609a5870527b60a320476d85573322d.jpg,Kaggle_data/train/Banarasi/images90_jpg.rf.ccc5c694bc34a07d1761138c5c3d1f2f.jpg
99,ac2233ca2f180658,c10cef81fde72d70,unreviewed,,0.8474,1.616,Kaggle_data/train/Banarasi/images152_jpg.rf.e96b1334a723cc1010f96a7472ff5816.jpg,Kaggle_data/valid/Banarasi/images162_jpg.rf.9d2e28a2072083e15810a99dabe7246c.jpg
100,d3526526ebcdbc8f,3e6efd0b926be5da,unreviewed,,0.8472,2.0,Kaggle_data/train/Banarasi/images170_jpg.rf.60f175403ad1c7b5a35b4b2b236c2367.jpg,Kaggle_data/train/Bandhani/075A0970_2d452e62-cbfe-4291-a29d-c1fd59ba46fe_11zon_jpg.rf.54793da65c06e32dfba9d09ec315c10b.jpg
101,00478e64c542bb5c,34d23cb794713961,unreviewed,,0.8468,0.842,Kaggle_data/train/Ikat/images5_jpg.rf.0c7fc5d5fb24ada40b9d93705277d207.jpg,Kaggle_data/valid/Ikat/F-IKCT0803-A_jpg.rf.7ceeece8c27887bff5486334885d2b95.jpg
102,4463d390d098647e,f9e454fbf0896210,unreviewed,,0.8467,1.954,Kaggle_data/test/Bandhani/31001818-A_jpg.rf.298651e75c406ba3a0b4c4b83cd7a624.jpg,Kaggle_data/valid/Bandhani/17003301_jpg.rf.dc1c07731a4ece3345839e02ebcccaed.jpg
103,632d0e99c00a69b3,184d6709f4142f26,unreviewed,,0.8459,2.0,Kaggle_data/valid/Bandhani/DN-1015-1_921d9151-9a55-48a2-acbc-753a348b9609_jpg.rf.ff238411cf444b79ed5a8b96a8223a45.jpg,Kaggle_data/valid/Bandhani/raw-silk-bandhani-print-fabric-red-m-foks-1_webp.rf.11e65c45126600241fd51bea388c3f9c.jpg
104,846c9cdecfb76cbb,2047f95d5e636805,unreviewed,,0.8457,1.606,Kaggle_data/train/Banarasi/images44_jpg.rf.c6beac41a3e9bd620367c0be22ffaf84.jpg,Kaggle_data/train/Banarasi/images6_jpg.rf.f5029f29ce888a8d6dc7464e0d785927.jpg
105,0782188d10cd7a82,579402a896964722,unreviewed,,0.8454,1.452,Kaggle_data/train/Banarasi/1eDgfJlRzyN3WaVmoD30MN5NfzYdDbCd8_jpg.rf.392f10b1e4b62861bd415c8a775f1b69.jpg,Kaggle_data/train/Banarasi/images53_jpg.rf.af67ae7453fb8698ad6a78c11e7ad46c.jpg
106,db53e5c2f16d0797,e5030f11729ee093,unreviewed,,0.8454,1.959,Kaggle_data/train/Ikat/image22_jpeg.rf.8a0d6201d822ab1b22eaeabc2eceb0f6.jpg,Kaggle_data/valid/Ikat/dbf866c3-638b-495e-ab8e-284c2ef73587_jpg.rf.f6ab788fd3d1110add17205d89f3fc9d.jpg
107,a50f43291395f5d5,0782188d10cd7a82,unreviewed,,0.8448,1.959,Kaggle_data/test/Bandhani/31001554-A_jpg.rf.3609a5870527b60a320476d85573322d.jpg,Kaggle_data/train/Banarasi/1eDgfJlRzyN3WaVmoD30MN5NfzYdDbCd8_jpg.rf.392f10b1e4b62861bd415c8a775f1b69.jpg
108,4e815dd19eec5417,f9e454fbf0896210,unreviewed,,0.8446,1.973,Kaggle_data/train/Bandhani/DSC_0730_1024x1024_jpg.rf.2e746cade69e15c2d2f2b639d3d7ce3c.jpg,Kaggle_data/valid/Bandhani/17003301_jpg.rf.dc1c07731a4ece3345839e02ebcccaed.jpg
109,bda19c0c909ff3f0,fed35491c3093f07,unreviewed,,0.8446,1.695,Kaggle_data/train/Banarasi/images90_jpg.rf.ccc5c694bc34a07d1761138c5c3d1f2f.jpg,Kaggle_data/valid/Banarasi/images141_jpg.rf.61bed5f166a9d3476dc20ac4f4f30d09.jpg
110,39323430b249b600,e5e1deec24274e8b,unreviewed,,0.8439,2.0,Kaggle_data/train/Bandhani/31002422-A_61fa5323-606c-4d92-a718-f1a666feb333_jpg.rf.c244c99d52e7c1bf0bebecc34b6b6cf3.jpg,Kaggle_data/train/Bandhani/il_570xN-4871894863_f6vo_jpg.rf.de72bad29951b01dd7d61e6329338c86.jpg
111,ae0425ca3c3c6376,fab9cbed383178da,unreviewed,,0.8435,1.656,Kaggle_data/train/Banarasi/images42_jpg.rf.f51497705b1aa00fcd553c03ebfb877e.jpg,Kaggle_data/valid/Banarasi/images151_jpg.rf.393c9275148fb0b7e029cc459d834ac2.jpg
112,12e843f59e9ce38b,db53e5c2f16d0797,unreviewed,,0.8435,1.866,Kaggle_data/train/Ikat/f07b7a09-67bf-43b5-b6a6-4897f0b7130c_jpg.rf.e16e3855eeb70671f8e8dad758e85c4f.jpg,Kaggle_data/train/Ikat/image22_jpeg.rf.8a0d6201d822ab1b22eaeabc2eceb0f6.jpg
113,60ebcbd89388fd52,53a07c97c2532b34,unreviewed,,0.8433,1.89,Kaggle_data/valid/Banarasi/images149_jpg.rf.5905e4ca06f078d7bd69ba8d05d4d52c.jpg,Kaggle_data/valid/Banarasi/images177_jpg.rf.4a5995be229a36b52d0c75382decde76.jpg
114,00f2e625fc63ca9b,db4005aa9cd8d16c,unreviewed,,0.8422,1.995,Kaggle_data/train/Banarasi/images39_jpg.rf.d0b5ef5edd7a579548ea98739dea2230.jpg,Kaggle_data/train/Banarasi/images4_jpg.rf.2431abc4d0c043ecfd654f1a3b9de171.jpg
115,aa787e0f04f27de8,e5e1deec24274e8b,unreviewed,,0.8415,1.776,Kaggle_data/train/Bandhani/BL0032BLP1_jpg.rf.c2fbab397bbd07cb1a2961bd4a3cde99.jpg,Kaggle_data/train/Bandhani/il_570xN-4871894863_f6vo_jpg.rf.de72bad29951b01dd7d61e6329338c86.jpg
116,0782188d10cd7a82,4dcc0d83af24c0a7,unreviewed,,0.8408,0.68,Kaggle_data/train/Banarasi/1eDgfJlRzyN3WaVmoD30MN5NfzYdDbCd8_jpg.rf.392f10b1e4b62861bd415c8a775f1b69.jpg,Kaggle_data/train/Banarasi/images95_jpg.rf.645c53773336bdeeed20c4c27c1985dd.jpg
117,94c97bfa40216b1f,47a17e5ecde537a8,unreviewed,,0.8407,1.573,Kaggle_data/train/Bandhani/images14_jpg.rf.a64755fd48a7d726fdafba098a4de86a.jpg,Kaggle_data/valid/Banarasi/images172_jpg.rf.df69457214f062fabc3abc88494e8725.jpg
118,a41317d2f6920a6d,56ab309c3bfa55ed,unreviewed,,0.8399,1.939,Kaggle_data/train/Banarasi/images175_jpg.rf.856a2d91a0c766c7bc8c93bc8fe72cd1.jpg,Kaggle_data/train/Banarasi/images32_jpg.rf.0dfa3112d4d3c35a13be5b855ed69a82.jpg
119,bc252e3872e7b053,94c97bfa40216b1f,unreviewed,,0.8394,1.62,Kaggle_data/train/Bandhani/black-digital-printed-cotton-bandhani-design-fabric-1-mtr-306022_jpg.rf.cc959a77b758390a5273e48aea05ded5.jpg,Kaggle_data/train/Bandhani/images14_jpg.rf.a64755fd48a7d726fdafba098a4de86a.jpg
120,bc252e3872e7b053,632d0e99c00a69b3,unreviewed,,0.8388,1.55,Kaggle_data/train/Bandhani/black-digital-printed-cotton-bandhani-design-fabric-1-mtr-306022_jpg.rf.cc959a77b758390a5273e48aea05ded5.jpg,Kaggle_data/valid/Bandhani/DN-1015-1_921d9151-9a55-48a2-acbc-753a348b9609_jpg.rf.ff238411cf444b79ed5a8b96a8223a45.jpg
121,4e815dd19eec5417,cb249e59e620e15f,unreviewed,,0.8383,2.0,Kaggle_data/train/Bandhani/DSC_0730_1024x1024_jpg.rf.2e746cade69e15c2d2f2b639d3d7ce3c.jpg,Kaggle_data/valid/Banarasi/images52_jpg.rf.aab1250c2d5ec4b92dd77ffa972d7704.jpg
122,d7084e8b26d650c2,00927e6becda00d9,unreviewed,,0.8381,2.0,Kaggle_data/test/Bandhani/images5_jpg.rf.22013df6d2bb8e2f40dc8905724afd5f.jpg,Kaggle_data/train/Banarasi/images59_jpg.rf.fe2c334a8217a23cd71c2842a7cd05b2.jpg
123,e5e1deec24274e8b,dec3fe20d5fc1ac1,unreviewed,,0.838,1.885,Kaggle_data/train/Bandhani/il_570xN-4871894863_f6vo_jpg.rf.de72bad29951b01dd7d61e6329338c86.jpg,Kaggle_data/valid/Ikat/52f8e176-412e-480c-a05a-6836a969400b_jpg.rf.ffd935c5c37cb985ab6db48694488a10.jpg
124,00478e64c542bb5c,7aef1d4309fb69ee,unreviewed,,0.838,1.884,Kaggle_data/train/Ikat/images5_jpg.rf.0c7fc5d5fb24ada40b9d93705277d207.jpg,Kaggle_data/valid/Banarasi/images117_jpg.rf.7d38bea6af5f6cec8960e018f03ab184.jpg
125,4463d390d098647e,39323430b249b600,unreviewed,,0.8378,2.0,Kaggle_data/test/Bandhani/31001818-A_jpg.rf.298651e75c406ba3a0b4c4b83cd7a624.jpg,Kaggle_data/train/Bandhani/31002422-A_61fa5323-606c-4d92-a718-f1a666feb333_jpg.rf.c244c99d52e7c1bf0bebecc34b6b6cf3.jpg
126,a3e7c8793765fdd7,cb249e59e620e15f,unreviewed,,0.8376,2.0,Kaggle_data/train/Bandhani/IMG_E0327_6ca7a8fe-6413-4474-a347-e14326b4d345_jpg.rf.4432011a1dea10591d2f7562182551b5.jpg,Kaggle_data/valid/Banarasi/images52_jpg.rf.aab1250c2d5ec4b92dd77ffa972d7704.jpg
127,a50f43291395f5d5,be4d3a2360ca15f3,unreviewed,,0.8371,1.883,Kaggle_data/test/Bandhani/31001554-A_jpg.rf.3609a5870527b60a320476d85573322d.jpg,Kaggle_data/train/Bandhani/5469_jpg.rf.1e8f9b95f3daaeb7cf82c2fb01f74c28.jpg
128,c10cef81fde72d70,9eca45dabaf983dd,unreviewed,,0.8367,1.982,Kaggle_data/valid/Banarasi/images162_jpg.rf.9d2e28a2072083e15810a99dabe7246c.jpg,Kaggle_data/valid/Ikat/images16_jpg.rf.b1559f6bd09134db8387e05bcf7194fc.jpg
129,aa835c7d0729a21c,e979bc01c911aba7,unreviewed,,0.8364,1.98,Kaggle_data/train/Banarasi/image6_jpeg.rf.7c1f859c15b92cc75e62a0629c37009a.jpg,Kaggle_data/train/Banarasi/images36_jpg.rf.23a0e08774e55fbade1d4fe281a30e6b.jpg
130,8520d77cdbc818f2,f7a54370ba206893,unreviewed,,0.8362,2.0,Kaggle_data/train/Banarasi/images108_jpg.rf.8a48361ff5504f182e29347383839041.jpg,Kaggle_data/train/Banarasi/images176_jpg.rf.e0af7ada0ff4824674050c51e5d1df99.jpg
131,15323adc45946856,9e54331bc4861a07,unreviewed,,0.8361,1.947,Kaggle_data/test/Ikat/-473Wx593H-469483222-multi-MODEL_jpg.rf.64971efaf739adf333c0409394bb957b.jpg,Kaggle_data/train/Ikat/images20_jpg.rf.affe7e8b1fc9caf04a7e70cba5d202bd.jpg
132,bda19c0c909ff3f0,3e6efd0b926be5da,unreviewed,,0.8352,2.0,Kaggle_data/train/Banarasi/images90_jpg.rf.ccc5c694bc34a07d1761138c5c3d1f2f.jpg,Kaggle_data/train/Bandhani/075A0970_2d452e62-cbfe-4291-a29d-c1fd59ba46fe_11zon_jpg.rf.54793da65c06e32dfba9d09ec315c10b.jpg
133,fff85dafe934994f,655d74d5314a23ad,unreviewed,,0.8338,1.988,Kaggle_data/train/Ikat/dsc00106_jpg.rf.801cc5fe00801f72d49ff244e3c32546.jpg,Kaggle_data/valid/Banarasi/images119_jpg.rf.67c7f20618faecd322a604151a61cb29.jpg
134,00f2e625fc63ca9b,36e457143d44d649,unreviewed,,0.8338,2.0,Kaggle_data/train/Banarasi/images39_jpg.rf.d0b5ef5edd7a579548ea98739dea2230.jpg,Kaggle_data/train/Banarasi/images76_jpg.rf.fe76930b0949e7ddffa68e799984ad36.jpg
135,f89824bab740a427,579402a896964722,unreviewed,,0.8334,1.994,Kaggle_data/train/Banarasi/images125_jpg.rf.08f536fb9f8a3fa56c58ef43826c54df.jpg,Kaggle_data/train/Banarasi/images53_jpg.rf.af67ae7453fb8698ad6a78c11e7ad46c.jpg
136,d7084e8b26d650c2,e8f1b9caeb45e8b9,unreviewed,,0.8333,1.909,Kaggle_data/test/Bandhani/images5_jpg.rf.22013df6d2bb8e2f40dc8905724afd5f.jpg,Kaggle_data/train/Bandhani/20210407_103036-480x480_jpg.rf.0edc4da9daa1694820add04d2e201a8c.jpg
137,07d2fbec099f4d7c,1d02545ae51c9657,unreviewed,,0.8328,1.371,Kaggle_data/train/Pichwai/PICHWAI-100006-03_jpg.rf.44c819e1428df6135fe761b2d132bce4.jpg,Kaggle_data/valid/Pichwai/PICHWAI-100014-03_jpg.rf.efd886ae868cd7ec93361a52c7c4fb24.jpg
138,8520d77cdbc818f2,47a17e5ecde537a8,unreviewed,,0.8323,1.106,Kaggle_data/train/Banarasi/images108_jpg.rf.8a48361ff5504f182e29347383839041.jpg,Kaggle_data/valid/Banarasi/images172_jpg.rf.df69457214f062fabc3abc88494e8725.jpg
139,aa835c7d0729a21c,b60953c1a10900dd,unreviewed,,0.8323,1.766,Kaggle_data/train/Banarasi/image6_jpeg.rf.7c1f859c15b92cc75e62a0629c37009a.jpg,Kaggle_data/train/Banarasi/images37_jpg.rf.2e18c4e6dd30ba0831e1572f6f8102a1.jpg
140,3e6efd0b926be5da,98f0b95cf2c3cbcc,unreviewed,,0.8319,2.0,Kaggle_data/train/Bandhani/075A0970_2d452e62-cbfe-4291-a29d-c1fd59ba46fe_11zon_jpg.rf.54793da65c06e32dfba9d09ec315c10b.jpg,Kaggle_data/valid/Bandhani/IG_00829_eff47dcc-f42e-4b12-93e9-ff0baf07302c_jpg.rf.1f959ac57c5d571dc24e38a229ceabc5.jpg
141,3eb0d3b60589220b,bc3228f3b4915ed7,unreviewed,,0.8318,1.616,Kaggle_data/valid/Banarasi/images167_jpg.rf.5ce0cd0c83a0d1344a1900b32a42dd41.jpg,Kaggle_data/valid/Banarasi/images23_jpg.rf.bfc30ebf3000e395255d548f9653f456.jpg
142,2047f95d5e636805,e71a093765197dbe,unreviewed,,0.8311,1.215,Kaggle_data/train/Banarasi/images6_jpg.rf.f5029f29ce888a8d6dc7464e0d785927.jpg,Kaggle_data/valid/Banarasi/images164_jpg.rf.c0eeb4152628c1ff26471b3ec654e1bf.jpg
143,f7a54370ba206893,2047f95d5e636805,unreviewed,,0.8309,1.989,Kaggle_data/train/Banarasi/images176_jpg.rf.e0af7ada0ff4824674050c51e5d1df99.jpg,Kaggle_data/train/Banarasi/images6_jpg.rf.f5029f29ce888a8d6dc7464e0d785927.jpg
144,38d183e1b6536241,e71a093765197dbe,unreviewed,,0.8308,1.618,Kaggle_data/train/Banarasi/image34_jpeg.rf.9ad5535c987c9f9ead7abb15653150ab.jpg,Kaggle_data/valid/Banarasi/images164_jpg.rf.c0eeb4152628c1ff26471b3ec654e1bf.jpg
145,34d23cb794713961,9eca45dabaf983dd,unreviewed,,0.8306,1.955,Kaggle_data/valid/Ikat/F-IKCT0803-A_jpg.rf.7ceeece8c27887bff5486334885d2b95.jpg,Kaggle_data/valid/Ikat/images16_jpg.rf.b1559f6bd09134db8387e05bcf7194fc.jpg
146,c6e83c415347666c,3b6325b4240af513,unreviewed,,0.8299,1.719,Kaggle_data/train/Banarasi/images145_jpg.rf.43081cbeb1a47457193e901e40ad916e.jpg,Kaggle_data/train/Banarasi/images153_jpg.rf.49c550e5d15dbadf25ed92128adcc225.jpg
147,bc3011bd620255eb,4dcc0d83af24c0a7,unreviewed,,0.8296,1.518,Kaggle_data/test/Banarasi/image10_jpeg.rf.a8e3a4e500b0ff908c2dd8f682224d67.jpg,Kaggle_data/train/Banarasi/images95_jpg.rf.645c53773336bdeeed20c4c27c1985dd.jpg
148,d46390420faef451,873ab2caa2d8a2a1,unreviewed,,0.8296,2.0,Kaggle_data/train/Ikat/F-IKCT0720-A_jpg.rf.8c0741eb95601bdbffb2af1b14565cec.jpg,Kaggle_data/train/Ikat/images28_jpg.rf.9790497267822a0b02660e79aa8988de.jpg
149,56ab309c3bfa55ed,cb249e59e620e15f,unreviewed,,0.8295,1.998,Kaggle_data/train/Banarasi/images32_jpg.rf.0dfa3112d4d3c35a13be5b855ed69a82.jpg,Kaggle_data/valid/Banarasi/images52_jpg.rf.aab1250c2d5ec4b92dd77ffa972d7704.jpg
150,e5e1deec24274e8b,1fc4f4bd13a8fcef,unreviewed,,0.8294,1.644,Kaggle_data/train/Bandhani/il_570xN-4871894863_f6vo_jpg.rf.de72bad29951b01dd7d61e6329338c86.jpg,Kaggle_data/train/Bandhani/il_570xN-4871916995_9txv_jpg.rf.c54d26c9319407b7ab7be13ae0c6c527.jpg
151,38e256363a7314e2,74d4f0515a46a7a9,unreviewed,,0.8285,1.949,Kaggle_data/train/Bandhani/bandhani-print-rayon-fabric-full_jpg.rf.9b5fa1229ba56b09dfae0b2aae064be6.jpg,Kaggle_data/train/Bandhani/images16_jpg.rf.22c52dd1855a8a36661c9f39431641b9.jpg
152,f89824bab740a427,0d52b930f011415f,unreviewed,,0.8276,1.999,Kaggle_data/train/Banarasi/images125_jpg.rf.08f536fb9f8a3fa56c58ef43826c54df.jpg,Kaggle_data/valid/Banarasi/images168_jpg.rf.d64adabba8f41b5f3ab9878d33be6474.jpg
153,15323adc45946856,a4b7216816b10b2b,unreviewed,,0.8276,1.354,Kaggle_data/test/Ikat/-473Wx593H-469483222-multi-MODEL_jpg.rf.64971efaf739adf333c0409394bb957b.jpg,Kaggle_data/test/Ikat/images17_jpg.rf.8edb0cdfbf642887526f8b064d7c67c9.jpg
154,871f56575e6b3226,9eca45dabaf983dd,unreviewed,,0.827,2.0,Kaggle_data/train/Banarasi/image8_jpeg.rf.0d657092523e97bb69358c1a572f91e1.jpg,Kaggle_data/valid/Ikat/images16_jpg.rf.b1559f6bd09134db8387e05bcf7194fc.jpg
155,38d183e1b6536241,47a17e5ecde537a8,unreviewed,,0.8269,0.652,Kaggle_data/train/Banarasi/image34_jpeg.rf.9ad5535c987c9f9ead7abb15653150ab.jpg,Kaggle_data/valid/Banarasi/images172_jpg.rf.df69457214f062fabc3abc88494e8725.jpg
156,fab9cbed383178da,46551d1474eaeae3,unreviewed,,0.8263,1.564,Kaggle_data/valid/Banarasi/images151_jpg.rf.393c9275148fb0b7e029cc459d834ac2.jpg,Kaggle_data/valid/Bandhani/image22_jpeg.rf.c8d7a449a34c80700eb00717ebff73c0.jpg
157,ba1b58763b7f93e3,e71a093765197dbe,unreviewed,,0.8261,1.552,Kaggle_data/train/Banarasi/images109_jpg.rf.6cbfe006f737adde221e0303d8535601.jpg,Kaggle_data/valid/Banarasi/images164_jpg.rf.c0eeb4152628c1ff26471b3ec654e1bf.jpg
158,751fe4acccc8ae69,d59417fd9f9868c3,unreviewed,,0.8258,1.544,Kaggle_data/train/Pichwai/image5_jpeg.rf.79d2fbfd8f80c0720ef08208ea2674d9.jpg,Kaggle_data/valid/Pichwai/PICHWAI-100005-01_jpg.rf.13b96408dd8dc8b3f11adb6aa086dd52.jpg
159,bda19c0c909ff3f0,a3e7c8793765fdd7,unreviewed,,0.8255,1.999,Kaggle_data/train/Banarasi/images90_jpg.rf.ccc5c694bc34a07d1761138c5c3d1f2f.jpg,Kaggle_data/train/Bandhani/IMG_E0327_6ca7a8fe-6413-4474-a347-e14326b4d345_jpg.rf.4432011a1dea10591d2f7562182551b5.jpg
160,38d183e1b6536241,ba1b58763b7f93e3,unreviewed,,0.8252,1.806,Kaggle_data/train/Banarasi/image34_jpeg.rf.9ad5535c987c9f9ead7abb15653150ab.jpg,Kaggle_data/train/Banarasi/images109_jpg.rf.6cbfe006f737adde221e0303d8535601.jpg
161,592efb464a16130f,47a17e5ecde537a8,unreviewed,,0.8248,0.649,Kaggle_data/train/Bandhani/image17_jpeg.rf.072400d91e0a61617e9089f9ad99c2bc.jpg,Kaggle_data/valid/Banarasi/images172_jpg.rf.df69457214f062fabc3abc88494e8725.jpg
162,aa787e0f04f27de8,0b05ed0f55d901bb,unreviewed,,0.8247,1.686,Kaggle_data/train/Bandhani/BL0032BLP1_jpg.rf.c2fbab397bbd07cb1a2961bd4a3cde99.jpg,Kaggle_data/valid/Banarasi/image12_jpeg.rf.71e06167bc0b0419fb761a21c864f195.jpg
163,d3526526ebcdbc8f,394fa8d2bfe31cdf,unreviewed,,0.8244,1.33,Kaggle_data/train/Banarasi/images170_jpg.rf.60f175403ad1c7b5a35b4b2b236c2367.jpg,Kaggle_data/train/Pichwai/471604_1_jpg.rf.b4923acb95ea1b069726863390974ce0.jpg
164,a3e7c8793765fdd7,47a17e5ecde537a8,unreviewed,,0.8236,2.0,Kaggle_data/train/Bandhani/IMG_E0327_6ca7a8fe-6413-4474-a347-e14326b4d345_jpg.rf.4432011a1dea10591d2f7562182551b5.jpg,Kaggle_data/valid/Banarasi/images172_jpg.rf.df69457214f062fabc3abc88494e8725.jpg
165,bda19c0c909ff3f0,0d52b930f011415f,unreviewed,,0.8224,1.999,Kaggle_data/train/Banarasi/images90_jpg.rf.ccc5c694bc34a07d1761138c5c3d1f2f.jpg,Kaggle_data/valid/Banarasi/images168_jpg.rf.d64adabba8f41b5f3ab9878d33be6474.jpg
166,00478e64c542bb5c,b006976b4c9dbff1,unreviewed,,0.822,2.0,Kaggle_data/train/Ikat/images5_jpg.rf.0c7fc5d5fb24ada40b9d93705277d207.jpg,Kaggle_data/train/Ikat/pochampally-ikat-cotton-fabric-500x500_jpg.rf.27b2644f57ff0b41f0b2c3355ef41d95.jpg
167,dec3fe20d5fc1ac1,34d23cb794713961,unreviewed,,0.8218,1.87,Kaggle_data/valid/Ikat/52f8e176-412e-480c-a05a-6836a969400b_jpg.rf.ffd935c5c37cb985ab6db48694488a10.jpg,Kaggle_data/valid/Ikat/F-IKCT0803-A_jpg.rf.7ceeece8c27887bff5486334885d2b95.jpg
168,0d2307d9fdaa1e40,3eb0d3b60589220b,unreviewed,,0.8211,1.755,Kaggle_data/test/Bandhani/dsc_9228_jpg.rf.2a3721f25fbeec0feb0c727b8b388a1c.jpg,Kaggle_data/valid/Banarasi/images167_jpg.rf.5ce0cd0c83a0d1344a1900b32a42dd41.jpg
169,53a07c97c2532b34,dec3fe20d5fc1ac1,unreviewed,,0.8205,1.86,Kaggle_data/valid/Banarasi/images177_jpg.rf.4a5995be229a36b52d0c75382decde76.jpg,Kaggle_data/valid/Ikat/52f8e176-412e-480c-a05a-6836a969400b_jpg.rf.ffd935c5c37cb985ab6db48694488a10.jpg
170,f5cb42d13ab04ae7,184d6709f4142f26,unreviewed,,0.82,1.785,Kaggle_data/test/Bandhani/DN-1007-1_cd147f84-3622-4f10-b256-e8dcde432b00_jpg.rf.9ef2f61f872fc76791cb97da837b2659.jpg,Kaggle_data/valid/Bandhani/raw-silk-bandhani-print-fabric-red-m-foks-1_webp.rf.11e65c45126600241fd51bea388c3f9c.jpg
171,f7a54370ba206893,56ab309c3bfa55ed,unreviewed,,0.8196,2.0,Kaggle_data/train/Banarasi/images176_jpg.rf.e0af7ada0ff4824674050c51e5d1df99.jpg,Kaggle_data/train/Banarasi/images32_jpg.rf.0dfa3112d4d3c35a13be5b855ed69a82.jpg
172,41d5ceac36ad0468,873ab2caa2d8a2a1,unreviewed,,0.8194,1.999,Kaggle_data/train/Banarasi/images105_jpg.rf.0aae454fcc8ecac5c6f60a0933a5e8fb.jpg,Kaggle_data/train/Ikat/images28_jpg.rf.9790497267822a0b02660e79aa8988de.jpg
173,f5cb42d13ab04ae7,f9e454fbf0896210,unreviewed,,0.8187,1.527,Kaggle_data/test/Bandhani/DN-1007-1_cd147f84-3622-4f10-b256-e8dcde432b00_jpg.rf.9ef2f61f872fc76791cb97da837b2659.jpg,Kaggle_data/valid/Bandhani/17003301_jpg.rf.dc1c07731a4ece3345839e02ebcccaed.jpg
174,c983e328bad83742,f618eb35b453e173,unreviewed,,0.8182,1.951,Kaggle_data/train/Bandhani/images7_jpg.rf.9405c44c548b6945331d0ba22bd5c048.jpg,Kaggle_data/train/Bandhani/sf30171a_jpg.rf.6885b25d87c7dd9dc5e9016014719be8.jpg
175,aa835c7d0729a21c,184d6709f4142f26,unreviewed,,0.8168,1.566,Kaggle_data/train/Banarasi/image6_jpeg.rf.7c1f859c15b92cc75e62a0629c37009a.jpg,Kaggle_data/valid/Bandhani/raw-silk-bandhani-print-fabric-red-m-foks-1_webp.rf.11e65c45126600241fd51bea388c3f9c.jpg
176,592efb464a16130f,94c97bfa40216b1f,unreviewed,,0.816,1.013,Kaggle_data/train/Bandhani/image17_jpeg.rf.072400d91e0a61617e9089f9ad99c2bc.jpg,Kaggle_data/train/Bandhani/images14_jpg.rf.a64755fd48a7d726fdafba098a4de86a.jpg
177,3b6325b4240af513,94c97bfa40216b1f,unreviewed,,0.8159,1.941,Kaggle_data/train/Banarasi/images153_jpg.rf.49c550e5d15dbadf25ed92128adcc225.jpg,Kaggle_data/train/Bandhani/images14_jpg.rf.a64755fd48a7d726fdafba098a4de86a.jpg
178,ae0425ca3c3c6376,0d52b930f011415f,unreviewed,,0.8157,1.999,Kaggle_data/train/Banarasi/images42_jpg.rf.f51497705b1aa00fcd553c03ebfb877e.jpg,Kaggle_data/valid/Banarasi/images168_jpg.rf.d64adabba8f41b5f3ab9878d33be6474.jpg
179,f89824bab740a427,ae0425ca3c3c6376,unreviewed,,0.8155,1.407,Kaggle_data/train/Banarasi/images125_jpg.rf.08f536fb9f8a3fa56c58ef43826c54df.jpg,Kaggle_data/train/Banarasi/images42_jpg.rf.f51497705b1aa00fcd553c03ebfb877e.jpg
180,38d183e1b6536241,60ebcbd89388fd52,unreviewed,,0.8154,1.829,Kaggle_data/train/Banarasi/image34_jpeg.rf.9ad5535c987c9f9ead7abb15653150ab.jpg,Kaggle_data/valid/Banarasi/images149_jpg.rf.5905e4ca06f078d7bd69ba8d05d4d52c.jpg
181,859fcab35371b2d3,e979bc01c911aba7,unreviewed,,0.8151,1.95,Kaggle_data/train/Banarasi/images130_jpg.rf.91da2397795548f7c01c964f5bcf892e.jpg,Kaggle_data/train/Banarasi/images36_jpg.rf.23a0e08774e55fbade1d4fe281a30e6b.jpg
182,39323430b249b600,0b05ed0f55d901bb,unreviewed,,0.8151,1.997,Kaggle_data/train/Bandhani/31002422-A_61fa5323-606c-4d92-a718-f1a666feb333_jpg.rf.c244c99d52e7c1bf0bebecc34b6b6cf3.jpg,Kaggle_data/valid/Banarasi/image12_jpeg.rf.71e06167bc0b0419fb761a21c864f195.jpg
183,202284a54d5f1e1f,c632fdf7f463b1f3,unreviewed,,0.8149,1.738,Kaggle_data/train/Banarasi/image29_jpeg.rf.5d2aee6b6703e0c7d52400df8c59b60f.jpg,Kaggle_data/train/Banarasi/image32_jpeg.rf.84588d92c46676b4ee39ac30662e4794.jpg
184,b006976b4c9dbff1,34d23cb794713961,unreviewed,,0.8145,1.998,Kaggle_data/train/Ikat/pochampally-ikat-cotton-fabric-500x500_jpg.rf.27b2644f57ff0b41f0b2c3355ef41d95.jpg,Kaggle_data/valid/Ikat/F-IKCT0803-A_jpg.rf.7ceeece8c27887bff5486334885d2b95.jpg
185,6e23b9406d8e20c3,c10cef81fde72d70,unreviewed,,0.8143,1.966,Kaggle_data/train/Banarasi/image30_jpeg.rf.ed36498c44f219a8e779ba6684b7d654.jpg,Kaggle_data/valid/Banarasi/images162_jpg.rf.9d2e28a2072083e15810a99dabe7246c.jpg
186,0b05ed0f55d901bb,f9e454fbf0896210,unreviewed,,0.8142,1.564,Kaggle_data/valid/Banarasi/image12_jpeg.rf.71e06167bc0b0419fb761a21c864f195.jpg,Kaggle_data/valid/Bandhani/17003301_jpg.rf.dc1c07731a4ece3345839e02ebcccaed.jpg
187,9eca45dabaf983dd,876e69de8fd0f26a,unreviewed,,0.8138,2.0,Kaggle_data/valid/Ikat/images16_jpg.rf.b1559f6bd09134db8387e05bcf7194fc.jpg,Kaggle_data/valid/Ikat/images9_jpg.rf.625a2a99393ccba2cafab1b60a1e1bb6.jpg
188,db4005aa9cd8d16c,36e457143d44d649,unreviewed,,0.8134,2.0,Kaggle_data/train/Banarasi/images4_jpg.rf.2431abc4d0c043ecfd654f1a3b9de171.jpg,Kaggle_data/train/Banarasi/images76_jpg.rf.fe76930b0949e7ddffa68e799984ad36.jpg
189,1dcbc92976239255,7f250980430bd046,unreviewed,,0.8134,1.895,Kaggle_data/train/Ikat/F-IKCT0707-A_jpg.rf.534d0c695e6a1a85a4c4b37c8d516481.jpg,Kaggle_data/train/Ikat/image10_jpeg.rf.a469adfa36b7a9cb3e4d0b99557e61ca.jpg
190,1dcbc92976239255,a50faacd1130a6be,unreviewed,,0.8133,1.944,Kaggle_data/train/Ikat/F-IKCT0707-A_jpg.rf.534d0c695e6a1a85a4c4b37c8d516481.jpg,Kaggle_data/train/Ikat/images32_jpg.rf.be76374358d8a6feda50af235d11ca08.jpg
191,582735a4dc41b33a,ea7b9ff55c08943f,unreviewed,,0.8132,1.999,Kaggle_data/train/Ikat/IKA-F-52_3_0e3ac7e1-f6a2-4555-81e9-ef2b15c6396a_jpg.rf.f189c00de86b889ced4abe563fd5e6a3.jpg,Kaggle_data/train/Ikat/IKKA356-F-1002485_3_492e372d-c9b3-4e51-9816-205f0d64ce22_jpg.rf.a08ebd5eb5ba6e35fd355180fd8b150b.jpg
192,873ab2caa2d8a2a1,a50faacd1130a6be,unreviewed,,0.813,1.414,Kaggle_data/train/Ikat/images28_jpg.rf.9790497267822a0b02660e79aa8988de.jpg,Kaggle_data/train/Ikat/images32_jpg.rf.be76374358d8a6feda50af235d11ca08.jpg
193,94c97bfa40216b1f,bc3228f3b4915ed7,unreviewed,,0.8124,2.0,Kaggle_data/train/Bandhani/images14_jpg.rf.a64755fd48a7d726fdafba098a4de86a.jpg,Kaggle_data/valid/Banarasi/images23_jpg.rf.bfc30ebf3000e395255d548f9653f456.jpg
194,ee18406530affb9a,bc3228f3b4915ed7,unreviewed,,0.8114,1.969,Kaggle_data/train/Banarasi/images134_jpg.rf.d86420036229b9944551b4ad04b8740a.jpg,Kaggle_data/valid/Banarasi/images23_jpg.rf.bfc30ebf3000e395255d548f9653f456.jpg
195,4708cbe5e756e723,751fe4acccc8ae69,unreviewed,,0.8111,1.026,Kaggle_data/train/Pichwai/image3_jpeg.rf.c3d9f223a56316f92252bd1787ec371d.jpg,Kaggle_data/train/Pichwai/image5_jpeg.rf.79d2fbfd8f80c0720ef08208ea2674d9.jpg
196,cd6cea0c406cea6a,3cc9a8051cb1fde3,unreviewed,,0.8109,0.606,Kaggle_data/train/Banarasi/images75_jpg.rf.7d37f1aae5ef6ed78bcc3622b7ef1242.jpg,Kaggle_data/valid/Banarasi/images35_jpg.rf.f3b86625148d299717ad75482f9dfb1c.jpg
197,db53e5c2f16d0797,876e69de8fd0f26a,unreviewed,,0.8098,1.205,Kaggle_data/train/Ikat/image22_jpeg.rf.8a0d6201d822ab1b22eaeabc2eceb0f6.jpg,Kaggle_data/valid/Ikat/images9_jpg.rf.625a2a99393ccba2cafab1b60a1e1bb6.jpg
198,0adf6088056505c2,3cc9a8051cb1fde3,unreviewed,,0.8091,0.782,Kaggle_data/test/Banarasi/images127_jpg.rf.58275150b0d3a9f0bee9d548ae0888e4.jpg,Kaggle_data/valid/Banarasi/images35_jpg.rf.f3b86625148d299717ad75482f9dfb1c.jpg
199,415ce6c069acfa74,b60953c1a10900dd,unreviewed,,0.8084,1.771,Kaggle_data/train/Banarasi/images16_jpg.rf.db40ea3d983ece3669f8ac9f32d0e6b7.jpg,Kaggle_data/train/Banarasi/images37_jpg.rf.2e18c4e6dd30ba0831e1572f6f8102a1.jpg
200,00ee81e79a21a13e,2fb4425ebd9e7746,unreviewed,,0.8079,1.322,Kaggle_data/train/Banarasi/images10_jpg.rf.801bc21dd1c27236472037920c02e7c8.jpg,Kaggle_data/train/Banarasi/images34_jpg.rf.b3f1fbe6f59cf6ceebea8c5b48071297.jpg
201,38d183e1b6536241,846c9cdecfb76cbb,unreviewed,,0.8063,1.898,Kaggle_data/train/Banarasi/image34_jpeg.rf.9ad5535c987c9f9ead7abb15653150ab.jpg,Kaggle_data/train/Banarasi/images44_jpg.rf.c6beac41a3e9bd620367c0be22ffaf84.jpg
202,00927e6becda00d9,f618eb35b453e173,unreviewed,,0.806,1.965,Kaggle_data/train/Banarasi/images59_jpg.rf.fe2c334a8217a23cd71c2842a7cd05b2.jpg,Kaggle_data/train/Bandhani/sf30171a_jpg.rf.6885b25d87c7dd9dc5e9016014719be8.jpg
203,846c9cdecfb76cbb,53a07c97c2532b34,unreviewed,,0.8057,1.294,Kaggle_data/train/Banarasi/images44_jpg.rf.c6beac41a3e9bd620367c0be22ffaf84.jpg,Kaggle_data/valid/Banarasi/images177_jpg.rf.4a5995be229a36b52d0c75382decde76.jpg
204,8520d77cdbc818f2,94c97bfa40216b1f,unreviewed,,0.8055,0.781,Kaggle_data/train/Banarasi/images108_jpg.rf.8a48361ff5504f182e29347383839041.jpg,Kaggle_data/train/Bandhani/images14_jpg.rf.a64755fd48a7d726fdafba098a4de86a.jpg
205,0b05ed0f55d901bb,59ef97253b4f2225,unreviewed,,0.8034,1.636,Kaggle_data/valid/Banarasi/image12_jpeg.rf.71e06167bc0b0419fb761a21c864f195.jpg,Kaggle_data/valid/Banarasi/image16_jpeg.rf.889cd72042747bcc50ba15e9f2070cec.jpg
206,0d2307d9fdaa1e40,632d0e99c00a69b3,unreviewed,,0.803,2.0,Kaggle_data/test/Bandhani/dsc_9228_jpg.rf.2a3721f25fbeec0feb0c727b8b388a1c.jpg,Kaggle_data/valid/Bandhani/DN-1015-1_921d9151-9a55-48a2-acbc-753a348b9609_jpg.rf.ff238411cf444b79ed5a8b96a8223a45.jpg
207,a50faacd1130a6be,34d23cb794713961,unreviewed,,0.803,1.801,Kaggle_data/train/Ikat/images32_jpg.rf.be76374358d8a6feda50af235d11ca08.jpg,Kaggle_data/valid/Ikat/F-IKCT0803-A_jpg.rf.7ceeece8c27887bff5486334885d2b95.jpg
208,803d52b918b6d6ce,318f96ef31b9f54a,unreviewed,,0.8022,1.89,Kaggle_data/test/Bandhani/B-09766_jpg.rf.bf4302dbb46f049f7364334bcf7d1c3c.jpg,Kaggle_data/test/Bandhani/O-01438_jpg.rf.4326e09d3dd9ef231fae57c8a6e6a0c0.jpg
209,75d5397339f4c624,3cc9a8051cb1fde3,unreviewed,,0.8019,1.501,Kaggle_data/train/Banarasi/banarasi-fabric_jpg.rf.a5d91ad42de4a5a8674c47aa8da5ab12.jpg,Kaggle_data/valid/Banarasi/images35_jpg.rf.f3b86625148d299717ad75482f9dfb1c.jpg
210,6e23b9406d8e20c3,fab9cbed383178da,unreviewed,,0.8016,1.066,Kaggle_data/train/Banarasi/image30_jpeg.rf.ed36498c44f219a8e779ba6684b7d654.jpg,Kaggle_data/valid/Banarasi/images151_jpg.rf.393c9275148fb0b7e029cc459d834ac2.jpg
211,890ac9d89913b921,fa40b7b011e37321,unreviewed,,0.8009,1.197,Kaggle_data/train/Pichwai/image10_jpeg.rf.754ea6386f161496380068c62c256672.jpg,Kaggle_data/valid/Pichwai/images23_jpg.rf.bbfb789f70b3c46f7f7cb21c275d5ce8.jpg
212,f2b861c5cab1c3c6,0b05ed0f55d901bb,unreviewed,,0.7994,1.199,Kaggle_data/train/Bandhani/images19_jpg.rf.5fcfaca3912f3a1ba8b3538d272bbf14.jpg,Kaggle_data/valid/Banarasi/image12_jpeg.rf.71e06167bc0b0419fb761a21c864f195.jpg
213,394fa8d2bfe31cdf,15ba33f46472eb68,unreviewed,,0.7989,1.149,Kaggle_data/train/Pichwai/471604_1_jpg.rf.b4923acb95ea1b069726863390974ce0.jpg,Kaggle_data/train/Pichwai/images16_jpg.rf.e30d932a44c6c5794722f6d583af57e3.jpg
214,75d5397339f4c624,cb8bf7f03172f062,unreviewed,,0.7982,1.664,Kaggle_data/train/Banarasi/banarasi-fabric_jpg.rf.a5d91ad42de4a5a8674c47aa8da5ab12.jpg,Kaggle_data/train/Banarasi/images116_jpg.rf.96e12bb5b9456789305fb6976e602997.jpg
215,90ccdc450df64110,00478e64c542bb5c,unreviewed,,0.7978,1.979,Kaggle_data/train/Ikat/dsc09952_1800x1800_jpg.rf.09a523f8647e4fb7d0cec6e44691b131.jpg,Kaggle_data/train/Ikat/images5_jpg.rf.0c7fc5d5fb24ada40b9d93705277d207.jpg
216,ba1b58763b7f93e3,2047f95d5e636805,unreviewed,,0.7968,1.796,Kaggle_data/train/Banarasi/images109_jpg.rf.6cbfe006f737adde221e0303d8535601.jpg,Kaggle_data/train/Banarasi/images6_jpg.rf.f5029f29ce888a8d6dc7464e0d785927.jpg
217,ee18406530affb9a,0f2e697aee72463d,unreviewed,,0.7964,0.788,Kaggle_data/train/Banarasi/images134_jpg.rf.d86420036229b9944551b4ad04b8740a.jpg,Kaggle_data/train/Bandhani/images4_jpg.rf.7ba79fa0590a95a3355cd86ff44bf6ab.jpg
218,873ab2caa2d8a2a1,b006976b4c9dbff1,unreviewed,,0.7956,1.802,Kaggle_data/train/Ikat/images28_jpg.rf.9790497267822a0b02660e79aa8988de.jpg,Kaggle_data/train/Ikat/pochampally-ikat-cotton-fabric-500x500_jpg.rf.27b2644f57ff0b41f0b2c3355ef41d95.jpg
219,00ee81e79a21a13e,394fa8d2bfe31cdf,unreviewed,,0.7955,1.506,Kaggle_data/train/Banarasi/images10_jpg.rf.801bc21dd1c27236472037920c02e7c8.jpg,Kaggle_data/train/Pichwai/471604_1_jpg.rf.b4923acb95ea1b069726863390974ce0.jpg
220,de036b54f8838ba4,e71a093765197dbe,unreviewed,,0.7947,1.489,Kaggle_data/train/Banarasi/images93_jpg.rf.310e3734b28ea3429654ff3cd362993f.jpg,Kaggle_data/valid/Banarasi/images164_jpg.rf.c0eeb4152628c1ff26471b3ec654e1bf.jpg
221,3b1ed2f078d4cfee,184d6709f4142f26,unreviewed,,0.7944,1.168,Kaggle_data/train/Ikat/image28_jpeg.rf.cbb1c7f676e65a7e20f2181841e8a688.jpg,Kaggle_data/valid/Bandhani/raw-silk-bandhani-print-fabric-red-m-foks-1_webp.rf.11e65c45126600241fd51bea388c3f9c.jpg
222,c284503379097bdc,fab9cbed383178da,unreviewed,,0.7942,1.532,Kaggle_data/train/Banarasi/images84_jpg.rf.2467ae90a680a0762d5d687772a813ab.jpg,Kaggle_data/valid/Banarasi/images151_jpg.rf.393c9275148fb0b7e029cc459d834ac2.jpg
223,bc252e3872e7b053,3b1ed2f078d4cfee,unreviewed,,0.7942,1.116,Kaggle_data/train/Bandhani/black-digital-printed-cotton-bandhani-design-fabric-1-mtr-306022_jpg.rf.cc959a77b758390a5273e48aea05ded5.jpg,Kaggle_data/train/Ikat/image28_jpeg.rf.cbb1c7f676e65a7e20f2181841e8a688.jpg
224,140568e8def9016c,472bad61219124f0,unreviewed,,0.794,1.607,Kaggle_data/train/Ikat/image4_jpeg.rf.59a45c75f377ec9d3123e90a7198fb97.jpg,Kaggle_data/valid/Ikat/image7_jpeg.rf.93a740762162b566353f279a64c1370a.jpg
225,e71938832e528cc9,592efb464a16130f,unreviewed,,0.7939,1.898,Kaggle_data/train/Bandhani/9474F6_1_600x_jpg.rf.607a1a359ac338f961b4a345685827e5.jpg,Kaggle_data/train/Bandhani/image17_jpeg.rf.072400d91e0a61617e9089f9ad99c2bc.jpg
226,bda19c0c909ff3f0,d46390420faef451,unreviewed,,0.7934,1.708,Kaggle_data/train/Banarasi/images90_jpg.rf.ccc5c694bc34a07d1761138c5c3d1f2f.jpg,Kaggle_data/train/Ikat/F-IKCT0720-A_jpg.rf.8c0741eb95601bdbffb2af1b14565cec.jpg
227,9c39ba01b0b8084d,c10cef81fde72d70,unreviewed,,0.7934,1.941,Kaggle_data/train/Banarasi/images178_jpg.rf.62c8129d026008ca34dd768d2ed0e5b9.jpg,Kaggle_data/valid/Banarasi/images162_jpg.rf.9d2e28a2072083e15810a99dabe7246c.jpg
228,85ae5fb9899d7fc2,de036b54f8838ba4,unreviewed,,0.7931,1.166,Kaggle_data/train/Banarasi/images165_jpg.rf.3641c1f7d57f841390829028f1dc3e5c.jpg,Kaggle_data/train/Banarasi/images93_jpg.rf.310e3734b28ea3429654ff3cd362993f.jpg
229,90ccdc450df64110,184d6709f4142f26,unreviewed,,0.7914,1.779,Kaggle_data/train/Ikat/dsc09952_1800x1800_jpg.rf.09a523f8647e4fb7d0cec6e44691b131.jpg,Kaggle_data/valid/Bandhani/raw-silk-bandhani-print-fabric-red-m-foks-1_webp.rf.11e65c45126600241fd51bea388c3f9c.jpg
230,38e256363a7314e2,23b7db23a6821842,unreviewed,,0.791,1.321,Kaggle_data/train/Bandhani/bandhani-print-rayon-fabric-full_jpg.rf.9b5fa1229ba56b09dfae0b2aae064be6.jpg,Kaggle_data/train/Ikat/free-size-skin-friendly-multi-color-handloom-pochampally-ikkat-cotton-printed-dress-fabric-628_jpg.rf.1ef81c2fad98783201ff84f76800cf06.jpg
231,cba31dbdcae0ecc8,26c068bd1199aeab,unreviewed,,0.7909,0.828,Kaggle_data/train/Pichwai/images_jpg.rf.4be543c60dfccbb869c0ae165dae4701.jpg,Kaggle_data/train/Pichwai/pichwai-painting-500x500_jpg.rf.4b41397f51263153c8fc3707d93f1a28.jpg
232,e8f1b9caeb45e8b9,f86bd2fae88b91e0,unreviewed,,0.7901,1.993,Kaggle_data/train/Bandhani/20210407_103036-480x480_jpg.rf.0edc4da9daa1694820add04d2e201a8c.jpg,Kaggle_data/train/Bandhani/20230816_173457-640x640_jpg.rf.12235806aa9c80cd29cf4f08964a4b71.jpg
233,c0c59f72590dd458,9eca45dabaf983dd,unreviewed,,0.7899,2.0,Kaggle_data/train/Ikat/image21_jpeg.rf.787768ef8b962fa3606858085b51bbdb.jpg,Kaggle_data/valid/Ikat/images16_jpg.rf.b1559f6bd09134db8387e05bcf7194fc.jpg
234,02f92d52dfa9885c,36e457143d44d649,unreviewed,,0.7893,2.0,Kaggle_data/train/Banarasi/images57_jpg.rf.f77d2a71b98bd43ebff65e275c8a9978.jpg,Kaggle_data/train/Banarasi/images76_jpg.rf.fe76930b0949e7ddffa68e799984ad36.jpg
235,a0b80a5b0c52cb59,184a34b52039cb43,unreviewed,,0.7892,2.0,Kaggle_data/test/Ikat/Pochampally20Violet20Cotton20Ikat20Fabric-1000x1000_jpeg.rf.d5ea3f64942e2ed631498872e0218799.jpg,Kaggle_data/train/Ikat/Handwoven20Cotton20Pochampally20Dark20Pink20Ikat20Fabric-1000x1000_jpeg.rf.41967ffb34218a08e9638e1c34386111.jpg
236,90ccdc450df64110,34d23cb794713961,unreviewed,,0.7887,1.672,Kaggle_data/train/Ikat/dsc09952_1800x1800_jpg.rf.09a523f8647e4fb7d0cec6e44691b131.jpg,Kaggle_data/valid/Ikat/F-IKCT0803-A_jpg.rf.7ceeece8c27887bff5486334885d2b95.jpg
237,318f96ef31b9f54a,e965cf37de752eb7,unreviewed,,0.7881,0.86,Kaggle_data/test/Bandhani/O-01438_jpg.rf.4326e09d3dd9ef231fae57c8a6e6a0c0.jpg,Kaggle_data/train/Bandhani/images_jpg.rf.40b937876bf4c09bd79e64ebefd80a0c.jpg
238,e10bed4674103832,3cc9a8051cb1fde3,unreviewed,,0.7875,0.931,Kaggle_data/valid/Banarasi/images111_jpg.rf.bfa03bfb2c97b61f105b61992813f494.jpg,Kaggle_data/valid/Banarasi/images35_jpg.rf.f3b86625148d299717ad75482f9dfb1c.jpg
239,d46390420faef451,3b1ed2f078d4cfee,unreviewed,,0.7869,1.508,Kaggle_data/train/Ikat/F-IKCT0720-A_jpg.rf.8c0741eb95601bdbffb2af1b14565cec.jpg,Kaggle_data/train/Ikat/image28_jpeg.rf.cbb1c7f676e65a7e20f2181841e8a688.jpg
240,9211a92ae8a7d4c0,372a787828b13f67,unreviewed,,0.7866,2.0,Kaggle_data/train/Banarasi/images71_jpg.rf.0f5727bd140ee608535d8232110f44da.jpg,Kaggle_data/train/Ikat/images_jpg.rf.6984147bd97ae08da2c3e176a93853bf.jpg
241,5aac80aad07fa02c,3dbb7099adcbbd83,unreviewed,,0.7852,1.384,Kaggle_data/test/Bandhani/red-bandhani-pure-gajji-silk-fabric-1-mtr-429285_jpg.rf.a746a2f9b1262c60f5830ff0a9527e3f.jpg,Kaggle_data/train/Bandhani/sfi11-brownie_jpg.rf.58b8b56c5e236c15a23cafa6ef9bab94.jpg
242,9c39ba01b0b8084d,53a07c97c2532b34,unreviewed,,0.7849,1.045,Kaggle_data/train/Banarasi/images178_jpg.rf.62c8129d026008ca34dd768d2ed0e5b9.jpg,Kaggle_data/valid/Banarasi/images177_jpg.rf.4a5995be229a36b52d0c75382decde76.jpg
243,0d2307d9fdaa1e40,184d6709f4142f26,unreviewed,,0.7847,1.994,Kaggle_data/test/Bandhani/dsc_9228_jpg.rf.2a3721f25fbeec0feb0c727b8b388a1c.jpg,Kaggle_data/valid/Bandhani/raw-silk-bandhani-print-fabric-red-m-foks-1_webp.rf.11e65c45126600241fd51bea388c3f9c.jpg
244,e8f1b9caeb45e8b9,c983e328bad83742,unreviewed,,0.7844,1.646,Kaggle_data/train/Bandhani/20210407_103036-480x480_jpg.rf.0edc4da9daa1694820add04d2e201a8c.jpg,Kaggle_data/train/Bandhani/images7_jpg.rf.9405c44c548b6945331d0ba22bd5c048.jpg
245,c6e83c415347666c,9f08d679af0fe90c,unreviewed,,0.7839,1.362,Kaggle_data/train/Banarasi/images145_jpg.rf.43081cbeb1a47457193e901e40ad916e.jpg,Kaggle_data/train/Pichwai/image23_jpeg.rf.641baff42acbb85dce1027d21baef9d0.jpg
246,bf891df51e6f86aa,3cc9a8051cb1fde3,unreviewed,,0.7837,1.35,Kaggle_data/train/Banarasi/images107_jpg.rf.40283f4b5da6424dea3ba0923362b121.jpg,Kaggle_data/valid/Banarasi/images35_jpg.rf.f3b86625148d299717ad75482f9dfb1c.jpg
247,c10cef81fde72d70,876e69de8fd0f26a,unreviewed,,0.7835,1.412,Kaggle_data/valid/Banarasi/images162_jpg.rf.9d2e28a2072083e15810a99dabe7246c.jpg,Kaggle_data/valid/Ikat/images9_jpg.rf.625a2a99393ccba2cafab1b60a1e1bb6.jpg
248,738f096d384a127e,46551d1474eaeae3,unreviewed,,0.7833,1.822,Kaggle_data/train/Bandhani/image19_jpeg.rf.b618cdb66ec0065725b2d4132002420d.jpg,Kaggle_data/valid/Bandhani/image22_jpeg.rf.c8d7a449a34c80700eb00717ebff73c0.jpg
249,07d2fbec099f4d7c,fa40b7b011e37321,unreviewed,,0.7826,0.78,Kaggle_data/train/Pichwai/PICHWAI-100006-03_jpg.rf.44c819e1428df6135fe761b2d132bce4.jpg,Kaggle_data/valid/Pichwai/images23_jpg.rf.bbfb789f70b3c46f7f7cb21c275d5ce8.jpg
250,6e23b9406d8e20c3,a1468c7c7264c2aa,unreviewed,,0.7822,1.995,Kaggle_data/train/Banarasi/image30_jpeg.rf.ed36498c44f219a8e779ba6684b7d654.jpg,Kaggle_data/valid/Banarasi/images98_jpg.rf.6b4261ae357402814724db22351a5d6c.jpg
251,46a107f846e3e9b8,8011b06a2d24b3a7,unreviewed,,0.7809,1.746,Kaggle_data/test/Pichwai/473116-A_f17f54fb-1b9f-4f2b-96c0-f2fea2c1ed17_jpg.rf.5680da20123c34ad4a078b59a5f22561.jpg,Kaggle_data/train/Pichwai/42641-a_016bdd3c-affe-4148-9f72-7cd44b16bfac_jpg.rf.738148683e11d47e96a3f9928c85c4a4.jpg
252,46a107f846e3e9b8,2fb4425ebd9e7746,unreviewed,,0.7806,1.864,Kaggle_data/test/Pichwai/473116-A_f17f54fb-1b9f-4f2b-96c0-f2fea2c1ed17_jpg.rf.5680da20123c34ad4a078b59a5f22561.jpg,Kaggle_data/train/Banarasi/images34_jpg.rf.b3f1fbe6f59cf6ceebea8c5b48071297.jpg
253,7f250980430bd046,eefdb2d0d88ad820,unreviewed,,0.7784,1.825,Kaggle_data/train/Ikat/image10_jpeg.rf.a469adfa36b7a9cb3e4d0b99557e61ca.jpg,Kaggle_data/train/Ikat/image26_jpeg.rf.e21beeb5ca4453dcba93d71658ada112.jpg
254,3828139a94ae20ca,c10cef81fde72d70,unreviewed,,0.7781,1.996,Kaggle_data/train/Ikat/image5_jpeg.rf.800709814a32cbeeb2008ba302c3ce37.jpg,Kaggle_data/valid/Banarasi/images162_jpg.rf.9d2e28a2072083e15810a99dabe7246c.jpg
255,00478e64c542bb5c,472bad61219124f0,unreviewed,,0.7776,1.957,Kaggle_data/train/Ikat/images5_jpg.rf.0c7fc5d5fb24ada40b9d93705277d207.jpg,Kaggle_data/valid/Ikat/image7_jpeg.rf.93a740762162b566353f279a64c1370a.jpg
256,d03088e9cc05c2e0,a3e7c8793765fdd7,unreviewed,,0.7773,1.803,Kaggle_data/train/Banarasi/images99_jpg.rf.fc64e4871eed1206368e1353e19c00e7.jpg,Kaggle_data/train/Bandhani/IMG_E0327_6ca7a8fe-6413-4474-a347-e14326b4d345_jpg.rf.4432011a1dea10591d2f7562182551b5.jpg
257,592efb464a16130f,738f096d384a127e,unreviewed,,0.7771,1.365,Kaggle_data/train/Bandhani/image17_jpeg.rf.072400d91e0a61617e9089f9ad99c2bc.jpg,Kaggle_data/train/Bandhani/image19_jpeg.rf.b618cdb66ec0065725b2d4132002420d.jpg
258,cb8bf7f03172f062,e979bc01c911aba7,unreviewed,,0.7764,1.732,Kaggle_data/train/Banarasi/images116_jpg.rf.96e12bb5b9456789305fb6976e602997.jpg,Kaggle_data/train/Banarasi/images36_jpg.rf.23a0e08774e55fbade1d4fe281a30e6b.jpg
259,7fa5f1298bf0d733,60ebcbd89388fd52,unreviewed,,0.7752,1.76,Kaggle_data/valid/Banarasi/images142_jpg.rf.bbbec6ce70a0941c05f7b553dfc851f3.jpg,Kaggle_data/valid/Banarasi/images149_jpg.rf.5905e4ca06f078d7bd69ba8d05d4d52c.jpg
260,d03088e9cc05c2e0,47a17e5ecde537a8,unreviewed,,0.775,1.681,Kaggle_data/train/Banarasi/images99_jpg.rf.fc64e4871eed1206368e1353e19c00e7.jpg,Kaggle_data/valid/Banarasi/images172_jpg.rf.df69457214f062fabc3abc88494e8725.jpg
261,8011b06a2d24b3a7,169d548253db9c78,unreviewed,,0.775,1.26,Kaggle_data/train/Pichwai/42641-a_016bdd3c-affe-4148-9f72-7cd44b16bfac_jpg.rf.738148683e11d47e96a3f9928c85c4a4.jpg,Kaggle_data/train/Pichwai/pea-flt1238_jpg.rf.1f73e6832c9340bd79fe4b37f86d9f8e.jpg
262,a0087de7ef1ef048,aebafc968e1d9a56,unreviewed,,0.7747,1.991,Kaggle_data/train/Ikat/81wSwI-oXkL-_AC_UY1100__jpg.rf.5ead837748d0b3b1ff6b4c3e4e98551e.jpg,Kaggle_data/train/Ikat/91Id57ZGPQL-_AC_UY1100__jpg.rf.c3932c2a3b48be2beb5ef5695b451a7a.jpg
263,3b1ed2f078d4cfee,472bad61219124f0,unreviewed,,0.7733,1.789,Kaggle_data/train/Ikat/image28_jpeg.rf.cbb1c7f676e65a7e20f2181841e8a688.jpg,Kaggle_data/valid/Ikat/image7_jpeg.rf.93a740762162b566353f279a64c1370a.jpg
264,14750be65b434a48,53a07c97c2532b34,unreviewed,,0.7729,1.885,Kaggle_data/train/Banarasi/images143_jpg.rf.e25ee6dc8c2c9b7b9c3ec574021f1021.jpg,Kaggle_data/valid/Banarasi/images177_jpg.rf.4a5995be229a36b52d0c75382decde76.jpg
265,cef237ea1e3ae61c,dc4004f1115455a4,unreviewed,,0.7715,1.706,Kaggle_data/train/Bandhani/red-bandhani-cotton-silk-fabric-1-mtr-261793_jpg.rf.6b542f539695e3af2c55ffe398cfbceb.jpg,Kaggle_data/train/Ikat/images6_jpg.rf.dfdb26954379a6505ccaa8cda39f56ff.jpg
266,319143c65af6f91a,cf7d93323505ae4c,unreviewed,,0.7712,0.666,Kaggle_data/train/Pichwai/image29_jpeg.rf.09aea972b709752a97308ccef9d6dd81.jpg,Kaggle_data/train/Pichwai/images6_jpg.rf.636c80c7d9a281abcdd5083dfdddf708.jpg
267,9c39ba01b0b8084d,876e69de8fd0f26a,unreviewed,,0.771,1.997,Kaggle_data/train/Banarasi/images178_jpg.rf.62c8129d026008ca34dd768d2ed0e5b9.jpg,Kaggle_data/valid/Ikat/images9_jpg.rf.625a2a99393ccba2cafab1b60a1e1bb6.jpg
268,890ac9d89913b921,1d02545ae51c9657,unreviewed,,0.7694,1.534,Kaggle_data/train/Pichwai/image10_jpeg.rf.754ea6386f161496380068c62c256672.jpg,Kaggle_data/valid/Pichwai/PICHWAI-100014-03_jpg.rf.efd886ae868cd7ec93361a52c7c4fb24.jpg
269,59ef97253b4f2225,632d0e99c00a69b3,unreviewed,,0.7691,1.999,Kaggle_data/valid/Banarasi/image16_jpeg.rf.889cd72042747bcc50ba15e9f2070cec.jpg,Kaggle_data/valid/Bandhani/DN-1015-1_921d9151-9a55-48a2-acbc-753a348b9609_jpg.rf.ff238411cf444b79ed5a8b96a8223a45.jpg
270,ce128300316226ac,cef237ea1e3ae61c,unreviewed,,0.7653,1.993,Kaggle_data/test/Banarasi/images150_jpg.rf.a17f2d73ed2735a5e73ee4a4336c6b51.jpg,Kaggle_data/train/Bandhani/red-bandhani-cotton-silk-fabric-1-mtr-261793_jpg.rf.6b542f539695e3af2c55ffe398cfbceb.jpg
271,66d8e09062126446,9c39ba01b0b8084d,unreviewed,,0.7652,1.993,Kaggle_data/train/Banarasi/image25_jpeg.rf.e6a5b0d0221547137ca8cade4f4bd3cf.jpg,Kaggle_data/train/Banarasi/images178_jpg.rf.62c8129d026008ca34dd768d2ed0e5b9.jpg
272,8b5a7f7b172f9632,168c953856f17220,unreviewed,,0.7651,1.562,Kaggle_data/train/Pichwai/3ecbd3093e0a3c11364d2ae1efd37dbb_jpg.rf.0bd8e0a39bb6338ce7611b8a587cce69.jpg,Kaggle_data/train/Pichwai/images18_jpg.rf.f661fc2312596024717740faa5592249.jpg
273,b38978795ba74e62,0d2307d9fdaa1e40,unreviewed,,0.7639,1.915,Kaggle_data/test/Banarasi/images139_jpg.rf.40a5b3b2fd46777a7a4784a747e83e87.jpg,Kaggle_data/test/Bandhani/dsc_9228_jpg.rf.2a3721f25fbeec0feb0c727b8b388a1c.jpg
274,e10259b8647de428,e587f6467c560247,unreviewed,,0.7632,1.787,Kaggle_data/train/Ikat/fsi2450401d_grande_jpg.rf.611173ba787e1274bdf1cac9550656c3.jpg,Kaggle_data/train/Ikat/fsi2450501k1_400x_crop_center_jpg.rf.48291be444e8f61797b220569dda22a3.jpg
275,66d8e09062126446,ba1b58763b7f93e3,unreviewed,,0.7631,1.81,Kaggle_data/train/Banarasi/image25_jpeg.rf.e6a5b0d0221547137ca8cade4f4bd3cf.jpg,Kaggle_data/train/Banarasi/images109_jpg.rf.6cbfe006f737adde221e0303d8535601.jpg
276,1ff8c36c187a7a04,b19a8ddf30e0edba,unreviewed,,0.7628,1.816,Kaggle_data/test/Pichwai/image_6f256316-f947-4d17-b801-041b0d9f7d08_jpg.rf.c63c317ab1044ba82eb31b42d1fe15e2.jpg,Kaggle_data/train/Pichwai/image25_jpeg.rf.4a5d601d89f9cab535034cd244af7307.jpg
277,c0c59f72590dd458,655d74d5314a23ad,unreviewed,,0.7606,1.876,Kaggle_data/train/Ikat/image21_jpeg.rf.787768ef8b962fa3606858085b51bbdb.jpg,Kaggle_data/valid/Banarasi/images119_jpg.rf.67c7f20618faecd322a604151a61cb29.jpg
278,de036b54f8838ba4,592efb464a16130f,unreviewed,,0.7597,0.721,Kaggle_data/train/Banarasi/images93_jpg.rf.310e3734b28ea3429654ff3cd362993f.jpg,Kaggle_data/train/Bandhani/image17_jpeg.rf.072400d91e0a61617e9089f9ad99c2bc.jpg
279,803d52b918b6d6ce,446812c6513d4d17,unreviewed,,0.7585,1.961,Kaggle_data/test/Bandhani/B-09766_jpg.rf.bf4302dbb46f049f7364334bcf7d1c3c.jpg,Kaggle_data/train/Bandhani/indian-saree-texture-bandhani-print-600nw-1988687258_jpg.rf.1a796e9a88306f9616aafb4f41320e8a.jpg
280,415ce6c069acfa74,56ab309c3bfa55ed,unreviewed,,0.7585,0.739,Kaggle_data/train/Banarasi/images16_jpg.rf.db40ea3d983ece3669f8ac9f32d0e6b7.jpg,Kaggle_data/train/Banarasi/images32_jpg.rf.0dfa3112d4d3c35a13be5b855ed69a82.jpg
281,45de157f97de3155,9211a92ae8a7d4c0,unreviewed,,0.7576,1.011,Kaggle_data/test/Banarasi/image23_jpeg.rf.b65df2ec23b777df1179b97bc2103ac4.jpg,Kaggle_data/train/Banarasi/images71_jpg.rf.0f5727bd140ee608535d8232110f44da.jpg
282,12e843f59e9ce38b,3828139a94ae20ca,unreviewed,,0.7576,1.999,Kaggle_data/train/Ikat/f07b7a09-67bf-43b5-b6a6-4897f0b7130c_jpg.rf.e16e3855eeb70671f8e8dad758e85c4f.jpg,Kaggle_data/train/Ikat/image5_jpeg.rf.800709814a32cbeeb2008ba302c3ce37.jpg
283,9c39ba01b0b8084d,c284503379097bdc,unreviewed,,0.7575,1.958,Kaggle_data/train/Banarasi/images178_jpg.rf.62c8129d026008ca34dd768d2ed0e5b9.jpg,Kaggle_data/train/Banarasi/images84_jpg.rf.2467ae90a680a0762d5d687772a813ab.jpg
284,759484586535c01a,3828139a94ae20ca,unreviewed,,0.7569,2.0,Kaggle_data/train/Ikat/image19_jpeg.rf.0edf67e6afe4c4528d1dc1cc522f1179.jpg,Kaggle_data/train/Ikat/image5_jpeg.rf.800709814a32cbeeb2008ba302c3ce37.jpg
285,579402a896964722,9080dbcd77113e5f,unreviewed,,0.7563,1.411,Kaggle_data/train/Banarasi/images53_jpg.rf.af67ae7453fb8698ad6a78c11e7ad46c.jpg,Kaggle_data/valid/Bandhani/maroon-bandhani-pure-gajji-silk-fabric-1-mtr-117906_jpg.rf.3d16d979511b7b9eec15ffe800083746.jpg
286,99bffab5f08e66d4,140568e8def9016c,unreviewed,,0.7563,1.932,Kaggle_data/train/Bandhani/image31_jpeg.rf.4b66acafcab415052bf7c3606ee45982.jpg,Kaggle_data/train/Ikat/image4_jpeg.rf.59a45c75f377ec9d3123e90a7198fb97.jpg
287,bf891df51e6f86aa,2adaea4371e48554,unreviewed,,0.7563,1.75,Kaggle_data/train/Banarasi/images107_jpg.rf.40283f4b5da6424dea3ba0923362b121.jpg,Kaggle_data/train/Banarasi/images132_jpg.rf.8265bfd068cbf0b3e189fbb79bcff8d2.jpg
288,0f2e697aee72463d,3eb0d3b60589220b,unreviewed,,0.7561,1.965,Kaggle_data/train/Bandhani/images4_jpg.rf.7ba79fa0590a95a3355cd86ff44bf6ab.jpg,Kaggle_data/valid/Banarasi/images167_jpg.rf.5ce0cd0c83a0d1344a1900b32a42dd41.jpg
289,44480df237811c28,1f7ea09e5f0c2262,unreviewed,,0.756,1.224,Kaggle_data/train/Pichwai/Pichwai20Patterns20_jpg.rf.ef4d01f2b458822b4c08b24cfcc61c21.jpg,Kaggle_data/valid/Pichwai/Pichwai20forest20lake20landscape20Painting_jpg.rf.e520c627f85ed0b0c5b97e8842c630ae.jpg
290,99bffab5f08e66d4,c10cef81fde72d70,unreviewed,,0.7551,1.987,Kaggle_data/train/Bandhani/image31_jpeg.rf.4b66acafcab415052bf7c3606ee45982.jpg,Kaggle_data/valid/Banarasi/images162_jpg.rf.9d2e28a2072083e15810a99dabe7246c.jpg
291,f86bd2fae88b91e0,f2b861c5cab1c3c6,unreviewed,,0.7548,1.998,Kaggle_data/train/Bandhani/20230816_173457-640x640_jpg.rf.12235806aa9c80cd29cf4f08964a4b71.jpg,Kaggle_data/train/Bandhani/images19_jpg.rf.5fcfaca3912f3a1ba8b3538d272bbf14.jpg
292,75d5397339f4c624,2adaea4371e48554,unreviewed,,0.7548,1.992,Kaggle_data/train/Banarasi/banarasi-fabric_jpg.rf.a5d91ad42de4a5a8674c47aa8da5ab12.jpg,Kaggle_data/train/Banarasi/images132_jpg.rf.8265bfd068cbf0b3e189fbb79bcff8d2.jpg
293,8b5a7f7b172f9632,8011b06a2d24b3a7,unreviewed,,0.7548,1.446,Kaggle_data/train/Pichwai/3ecbd3093e0a3c11364d2ae1efd37dbb_jpg.rf.0bd8e0a39bb6338ce7611b8a587cce69.jpg,Kaggle_data/train/Pichwai/42641-a_016bdd3c-affe-4148-9f72-7cd44b16bfac_jpg.rf.738148683e11d47e96a3f9928c85c4a4.jpg
294,cb8bf7f03172f062,e10bed4674103832,unreviewed,,0.7535,1.009,Kaggle_data/train/Banarasi/images116_jpg.rf.96e12bb5b9456789305fb6976e602997.jpg,Kaggle_data/valid/Banarasi/images111_jpg.rf.bfa03bfb2c97b61f105b61992813f494.jpg
295,510eecfba1e137b6,2047f95d5e636805,unreviewed,,0.7531,1.812,Kaggle_data/train/Banarasi/images163_jpg.rf.f46318a8403667e13f0ac095968890c2.jpg,Kaggle_data/train/Banarasi/images6_jpg.rf.f5029f29ce888a8d6dc7464e0d785927.jpg
296,45de157f97de3155,202284a54d5f1e1f,unreviewed,,0.7528,1.225,Kaggle_data/test/Banarasi/image23_jpeg.rf.b65df2ec23b777df1179b97bc2103ac4.jpg,Kaggle_data/train/Banarasi/image29_jpeg.rf.5d2aee6b6703e0c7d52400df8c59b60f.jpg
297,aa787e0f04f27de8,9080dbcd77113e5f,unreviewed,,0.7525,1.488,Kaggle_data/train/Bandhani/BL0032BLP1_jpg.rf.c2fbab397bbd07cb1a2961bd4a3cde99.jpg,Kaggle_data/valid/Bandhani/maroon-bandhani-pure-gajji-silk-fabric-1-mtr-117906_jpg.rf.3d16d979511b7b9eec15ffe800083746.jpg
298,e10259b8647de428,372a787828b13f67,unreviewed,,0.7504,1.894,Kaggle_data/train/Ikat/fsi2450401d_grande_jpg.rf.611173ba787e1274bdf1cac9550656c3.jpg,Kaggle_data/train/Ikat/images_jpg.rf.6984147bd97ae08da2c3e176a93853bf.jpg
299,b006976b4c9dbff1,842bb894a419ee9d,unreviewed,,0.75,1.988,Kaggle_data/train/Ikat/pochampally-ikat-cotton-fabric-500x500_jpg.rf.27b2644f57ff0b41f0b2c3355ef41d95.jpg,Kaggle_data/train/Ikat/pochampally-ikat-silk-fabric_jpg.rf.2401e7a77bfa8d37f79f208ac5e942d0.jpg
300,184a34b52039cb43,df605d31b3b679f2,unreviewed,,0.7498,2.0,Kaggle_data/train/Ikat/Handwoven20Cotton20Pochampally20Dark20Pink20Ikat20Fabric-1000x1000_jpeg.rf.41967ffb34218a08e9638e1c34386111.jpg,Kaggle_data/valid/Ikat/pochampally-ikat-cotton-green-color-fabric-pochampallysarees-com_jpg.rf.51c77e1843f6b2df322f0d51f851d9a0.jpg
301,8021b6725db836ab,168c953856f17220,unreviewed,,0.7491,1.498,Kaggle_data/test/Pichwai/20240507_120535_89a97d55-646a-4d79-b6b1-c4ddd6f0420a_jpg.rf.b2d9b018d9568b680a4ddd2ecb10b556.jpg,Kaggle_data/train/Pichwai/images18_jpg.rf.f661fc2312596024717740faa5592249.jpg
302,55256db9897f43cd,9db0db20b0f3093a,unreviewed,,0.7491,1.051,Kaggle_data/valid/Banarasi/images138_jpg.rf.0532a3771bb1b61fa0b473388efbe1cc.jpg,Kaggle_data/valid/Banarasi/images14_jpg.rf.cd962a7324af2f2c7e0d5277e21769fa.jpg
303,c632fdf7f463b1f3,415ce6c069acfa74,unreviewed,,0.7481,1.112,Kaggle_data/train/Banarasi/image32_jpeg.rf.84588d92c46676b4ee39ac30662e4794.jpg,Kaggle_data/train/Banarasi/images16_jpg.rf.db40ea3d983ece3669f8ac9f32d0e6b7.jpg
304,1fc4f4bd13a8fcef,dec3fe20d5fc1ac1,unreviewed,,0.7478,1.871,Kaggle_data/train/Bandhani/il_570xN-4871916995_9txv_jpg.rf.c54d26c9319407b7ab7be13ae0c6c527.jpg,Kaggle_data/valid/Ikat/52f8e176-412e-480c-a05a-6836a969400b_jpg.rf.ffd935c5c37cb985ab6db48694488a10.jpg
305,e5e1deec24274e8b,f2b861c5cab1c3c6,unreviewed,,0.7475,2.0,Kaggle_data/train/Bandhani/il_570xN-4871894863_f6vo_jpg.rf.de72bad29951b01dd7d61e6329338c86.jpg,Kaggle_data/train/Bandhani/images19_jpg.rf.5fcfaca3912f3a1ba8b3538d272bbf14.jpg
306,8b5a7f7b172f9632,9f08d679af0fe90c,unreviewed,,0.7474,1.679,Kaggle_data/train/Pichwai/3ecbd3093e0a3c11364d2ae1efd37dbb_jpg.rf.0bd8e0a39bb6338ce7611b8a587cce69.jpg,Kaggle_data/train/Pichwai/image23_jpeg.rf.641baff42acbb85dce1027d21baef9d0.jpg
307,34472c08841abe52,d46390420faef451,unreviewed,,0.7473,1.513,Kaggle_data/train/Ikat/79_jpg.rf.f0aacf2a39e9dad0aa720828f35f9f70.jpg,Kaggle_data/train/Ikat/F-IKCT0720-A_jpg.rf.8c0741eb95601bdbffb2af1b14565cec.jpg
308,34472c08841abe52,1dcbc92976239255,unreviewed,,0.7472,1.893,Kaggle_data/train/Ikat/79_jpg.rf.f0aacf2a39e9dad0aa720828f35f9f70.jpg,Kaggle_data/train/Ikat/F-IKCT0707-A_jpg.rf.534d0c695e6a1a85a4c4b37c8d516481.jpg
309,bd07f8dbab98591a,e979bc01c911aba7,unreviewed,,0.7471,1.772,Kaggle_data/test/Banarasi/images54_jpg.rf.03d69a6149bb0bcd448b441ca2caa781.jpg,Kaggle_data/train/Banarasi/images36_jpg.rf.23a0e08774e55fbade1d4fe281a30e6b.jpg
310,15323adc45946856,7ca26d2aed78238c,unreviewed,,0.747,1.447,Kaggle_data/test/Ikat/-473Wx593H-469483222-multi-MODEL_jpg.rf.64971efaf739adf333c0409394bb957b.jpg,Kaggle_data/train/Ikat/images4_jpg.rf.a946d664d0acc0eeba73bbb244189004.jpg
311,510eecfba1e137b6,3cc9a8051cb1fde3,unreviewed,,0.7465,1.783,Kaggle_data/train/Banarasi/images163_jpg.rf.f46318a8403667e13f0ac095968890c2.jpg,Kaggle_data/valid/Banarasi/images35_jpg.rf.f3b86625148d299717ad75482f9dfb1c.jpg
312,f86bd2fae88b91e0,e5e1deec24274e8b,unreviewed,,0.7464,1.993,Kaggle_data/train/Bandhani/20230816_173457-640x640_jpg.rf.12235806aa9c80cd29cf4f08964a4b71.jpg,Kaggle_data/train/Bandhani/il_570xN-4871894863_f6vo_jpg.rf.de72bad29951b01dd7d61e6329338c86.jpg
313,7096781a1c3e2b65,59ef97253b4f2225,unreviewed,,0.7462,1.994,Kaggle_data/test/Banarasi/images126_jpg.rf.28957d83c8ff0e2471b7e715e9c76991.jpg,Kaggle_data/valid/Banarasi/image16_jpeg.rf.889cd72042747bcc50ba15e9f2070cec.jpg
314,8021b6725db836ab,f58fec8aaf2ad635,unreviewed,,0.7458,1.145,Kaggle_data/test/Pichwai/20240507_120535_89a97d55-646a-4d79-b6b1-c4ddd6f0420a_jpg.rf.b2d9b018d9568b680a4ddd2ecb10b556.jpg,Kaggle_data/valid/Pichwai/images13_jpg.rf.b1b9fd7cc1bfc8df2ae4285a5b9f41fb.jpg
315,db53e5c2f16d0797,e4373e1da30d3508,unreviewed,,0.7457,1.943,Kaggle_data/train/Ikat/image22_jpeg.rf.8a0d6201d822ab1b22eaeabc2eceb0f6.jpg,Kaggle_data/train/Ikat/images2_jpg.rf.89b8996a4628e7572d526a719af44bbd.jpg
316,cd6cea0c406cea6a,e10bed4674103832,unreviewed,,0.7456,0.786,Kaggle_data/train/Banarasi/images75_jpg.rf.7d37f1aae5ef6ed78bcc3622b7ef1242.jpg,Kaggle_data/valid/Banarasi/images111_jpg.rf.bfa03bfb2c97b61f105b61992813f494.jpg
317,bf891df51e6f86aa,cd6cea0c406cea6a,unreviewed,,0.7455,1.201,Kaggle_data/train/Banarasi/images107_jpg.rf.40283f4b5da6424dea3ba0923362b121.jpg,Kaggle_data/train/Banarasi/images75_jpg.rf.7d37f1aae5ef6ed78bcc3622b7ef1242.jpg
318,45de157f97de3155,372a787828b13f67,unreviewed,,0.7455,1.928,Kaggle_data/test/Banarasi/image23_jpeg.rf.b65df2ec23b777df1179b97bc2103ac4.jpg,Kaggle_data/train/Ikat/images_jpg.rf.6984147bd97ae08da2c3e176a93853bf.jpg
319,1635e8ac9ecb8976,dc4004f1115455a4,unreviewed,,0.7449,1.548,Kaggle_data/train/Banarasi/images91_jpg.rf.13a85814f1707d66fd7dd432cf6101ec.jpg,Kaggle_data/train/Ikat/images6_jpg.rf.dfdb26954379a6505ccaa8cda39f56ff.jpg
320,41d5ceac36ad0468,e4082b98295f8a4a,unreviewed,,0.7448,2.0,Kaggle_data/train/Banarasi/images105_jpg.rf.0aae454fcc8ecac5c6f60a0933a5e8fb.jpg,Kaggle_data/train/Banarasi/images114_jpg.rf.27e894505fadb31b6a248c7a31ccc201.jpg
321,ac2233ca2f180658,eefdb2d0d88ad820,unreviewed,,0.7444,1.476,Kaggle_data/train/Banarasi/images152_jpg.rf.e96b1334a723cc1010f96a7472ff5816.jpg,Kaggle_data/train/Ikat/image26_jpeg.rf.e21beeb5ca4453dcba93d71658ada112.jpg
322,8e8868d3c9d38c67,9f89504e94b31ea8,unreviewed,,0.7443,0.9,Kaggle_data/train/Pichwai/image19_jpeg.rf.d0d4ca2c58e3abc7c42ece173264e8e3.jpg,Kaggle_data/train/Pichwai/WhatsAppImage2022-07-29at11-41-25AM_2_jpg.rf.0ba70bd45bbb310892de1fbfe5daee18.jpg
323,ee18406530affb9a,8a0552ecf7979b28,unreviewed,,0.7439,1.791,Kaggle_data/train/Banarasi/images134_jpg.rf.d86420036229b9944551b4ad04b8740a.jpg,Kaggle_data/train/Bandhani/image33_jpeg.rf.2311f4fa0574d02d190f77a6e6c85244.jpg
324,890ac9d89913b921,5e0981831c281d58,unreviewed,,0.7434,1.273,Kaggle_data/train/Pichwai/image10_jpeg.rf.754ea6386f161496380068c62c256672.jpg,Kaggle_data/train/Pichwai/whatsapp-image-2023-09-19-at-10-28-51-pm-6-500x500_jpeg.rf.552fd5421b21288407f36bf79fdf17b8.jpg
325,202284a54d5f1e1f,9211a92ae8a7d4c0,unreviewed,,0.7433,1.45,Kaggle_data/train/Banarasi/image29_jpeg.rf.5d2aee6b6703e0c7d52400df8c59b60f.jpg,Kaggle_data/train/Banarasi/images71_jpg.rf.0f5727bd140ee608535d8232110f44da.jpg
326,ce128300316226ac,6026f273bdf936d0,unreviewed,,0.7433,1.998,Kaggle_data/test/Banarasi/images150_jpg.rf.a17f2d73ed2735a5e73ee4a4336c6b51.jpg,Kaggle_data/valid/Ikat/81849CP8LNL-_AC_UF10001000_QL80__jpg.rf.0b82cb725dca143a422f42b8fb723e9d.jpg
327,fff85dafe934994f,eefdb2d0d88ad820,unreviewed,,0.7426,1.998,Kaggle_data/train/Ikat/dsc00106_jpg.rf.801cc5fe00801f72d49ff244e3c32546.jpg,Kaggle_data/train/Ikat/image26_jpeg.rf.e21beeb5ca4453dcba93d71658ada112.jpg
328,f8965a133cf07f88,e4373e1da30d3508,unreviewed,,0.7417,1.942,Kaggle_data/train/Ikat/f39-3_90da3663-47f5-44f4-80c1-4b687fbe2973_1024x_jpg.rf.5391ccfaa6496e5e281d35f31f79c3e7.jpg,Kaggle_data/train/Ikat/images2_jpg.rf.89b8996a4628e7572d526a719af44bbd.jpg
329,7096781a1c3e2b65,f9e454fbf0896210,unreviewed,,0.7399,1.6,Kaggle_data/test/Banarasi/images126_jpg.rf.28957d83c8ff0e2471b7e715e9c76991.jpg,Kaggle_data/valid/Bandhani/17003301_jpg.rf.dc1c07731a4ece3345839e02ebcccaed.jpg
330,5e0981831c281d58,1d02545ae51c9657,unreviewed,,0.7392,1.467,Kaggle_data/train/Pichwai/whatsapp-image-2023-09-19-at-10-28-51-pm-6-500x500_jpeg.rf.552fd5421b21288407f36bf79fdf17b8.jpg,Kaggle_data/valid/Pichwai/PICHWAI-100014-03_jpg.rf.efd886ae868cd7ec93361a52c7c4fb24.jpg
331,46a107f846e3e9b8,e71a093765197dbe,unreviewed,,0.7391,1.311,Kaggle_data/test/Pichwai/473116-A_f17f54fb-1b9f-4f2b-96c0-f2fea2c1ed17_jpg.rf.5680da20123c34ad4a078b59a5f22561.jpg,Kaggle_data/valid/Banarasi/images164_jpg.rf.c0eeb4152628c1ff26471b3ec654e1bf.jpg
332,7fa5f1298bf0d733,47a17e5ecde537a8,unreviewed,,0.7384,2.0,Kaggle_data/valid/Banarasi/images142_jpg.rf.bbbec6ce70a0941c05f7b553dfc851f3.jpg,Kaggle_data/valid/Banarasi/images172_jpg.rf.df69457214f062fabc3abc88494e8725.jpg
333,4037311e1200d5bb,b378e180de1c7b05,unreviewed,,0.7381,1.202,Kaggle_data/train/Pichwai/images17_jpg.rf.b10092c8af99d8029af8e397a45bdbbe.jpg,Kaggle_data/train/Pichwai/Instagrampost-266_800x_png.rf.7d7fc696034dcfdc5a5bc388a2cb7049.jpg
334,75d5397339f4c624,510eecfba1e137b6,unreviewed,,0.7338,1.927,Kaggle_data/train/Banarasi/banarasi-fabric_jpg.rf.a5d91ad42de4a5a8674c47aa8da5ab12.jpg,Kaggle_data/train/Banarasi/images163_jpg.rf.f46318a8403667e13f0ac095968890c2.jpg
335,738f096d384a127e,8a0552ecf7979b28,unreviewed,,0.7337,1.738,Kaggle_data/train/Bandhani/image19_jpeg.rf.b618cdb66ec0065725b2d4132002420d.jpg,Kaggle_data/train/Bandhani/image33_jpeg.rf.2311f4fa0574d02d190f77a6e6c85244.jpg
336,5e66ae0739a21b25,9211a92ae8a7d4c0,unreviewed,,0.7332,1.529,Kaggle_data/train/Banarasi/images102_jpg.rf.64d528cd11388183db6d78e77c939bb7.jpg,Kaggle_data/train/Banarasi/images71_jpg.rf.0f5727bd140ee608535d8232110f44da.jpg
337,ce128300316226ac,dc4004f1115455a4,unreviewed,,0.7327,1.787,Kaggle_data/test/Banarasi/images150_jpg.rf.a17f2d73ed2735a5e73ee4a4336c6b51.jpg,Kaggle_data/train/Ikat/images6_jpg.rf.dfdb26954379a6505ccaa8cda39f56ff.jpg
338,99bffab5f08e66d4,9eca45dabaf983dd,unreviewed,,0.7322,1.888,Kaggle_data/train/Bandhani/image31_jpeg.rf.4b66acafcab415052bf7c3606ee45982.jpg,Kaggle_data/valid/Ikat/images16_jpg.rf.b1559f6bd09134db8387e05bcf7194fc.jpg
339,d03088e9cc05c2e0,7fa5f1298bf0d733,unreviewed,,0.732,1.342,Kaggle_data/train/Banarasi/images99_jpg.rf.fc64e4871eed1206368e1353e19c00e7.jpg,Kaggle_data/valid/Banarasi/images142_jpg.rf.bbbec6ce70a0941c05f7b553dfc851f3.jpg
340,b38978795ba74e62,94c97bfa40216b1f,unreviewed,,0.7319,0.672,Kaggle_data/test/Banarasi/images139_jpg.rf.40a5b3b2fd46777a7a4784a747e83e87.jpg,Kaggle_data/train/Bandhani/images14_jpg.rf.a64755fd48a7d726fdafba098a4de86a.jpg
341,f8965a133cf07f88,19286f9c965dbfac,unreviewed,,0.7313,1.94,Kaggle_data/train/Ikat/f39-3_90da3663-47f5-44f4-80c1-4b687fbe2973_1024x_jpg.rf.5391ccfaa6496e5e281d35f31f79c3e7.jpg,Kaggle_data/train/Ikat/images18_jpg.rf.7d06286b6293a2eb41451effed90187b.jpg
342,7096781a1c3e2b65,bc252e3872e7b053,unreviewed,,0.7305,1.757,Kaggle_data/test/Banarasi/images126_jpg.rf.28957d83c8ff0e2471b7e715e9c76991.jpg,Kaggle_data/train/Bandhani/black-digital-printed-cotton-bandhani-design-fabric-1-mtr-306022_jpg.rf.cc959a77b758390a5273e48aea05ded5.jpg
343,c9bbbc30e25e5641,bc3228f3b4915ed7,unreviewed,,0.7304,1.988,Kaggle_data/train/Banarasi/images49_jpg.rf.9814b99bd704afecef8ad25bdccccc7a.jpg,Kaggle_data/valid/Banarasi/images23_jpg.rf.bfc30ebf3000e395255d548f9653f456.jpg
344,0adf6088056505c2,510eecfba1e137b6,unreviewed,,0.7304,1.729,Kaggle_data/test/Banarasi/images127_jpg.rf.58275150b0d3a9f0bee9d548ae0888e4.jpg,Kaggle_data/train/Banarasi/images163_jpg.rf.f46318a8403667e13f0ac095968890c2.jpg
345,140568e8def9016c,c10cef81fde72d70,unreviewed,,0.7302,0.671,Kaggle_data/train/Ikat/image4_jpeg.rf.59a45c75f377ec9d3123e90a7198fb97.jpg,Kaggle_data/valid/Banarasi/images162_jpg.rf.9d2e28a2072083e15810a99dabe7246c.jpg
346,a0b80a5b0c52cb59,df605d31b3b679f2,unreviewed,,0.7298,2.0,Kaggle_data/test/Ikat/Pochampally20Violet20Cotton20Ikat20Fabric-1000x1000_jpeg.rf.d5ea3f64942e2ed631498872e0218799.jpg,Kaggle_data/valid/Ikat/pochampally-ikat-cotton-green-color-fabric-pochampallysarees-com_jpg.rf.51c77e1843f6b2df322f0d51f851d9a0.jpg
347,66d8e09062126446,759484586535c01a,unreviewed,,0.7298,1.396,Kaggle_data/train/Banarasi/image25_jpeg.rf.e6a5b0d0221547137ca8cade4f4bd3cf.jpg,Kaggle_data/train/Ikat/image19_jpeg.rf.0edf67e6afe4c4528d1dc1cc522f1179.jpg
348,cb4b16a5fb06b990,bc3228f3b4915ed7,unreviewed,,0.7294,0.913,Kaggle_data/train/Banarasi/images156_jpg.rf.d8573b3f1c82d49610885e5062577c99.jpg,Kaggle_data/valid/Banarasi/images23_jpg.rf.bfc30ebf3000e395255d548f9653f456.jpg
349,b38978795ba74e62,56ab309c3bfa55ed,unreviewed,,0.7294,1.899,Kaggle_data/test/Banarasi/images139_jpg.rf.40a5b3b2fd46777a7a4784a747e83e87.jpg,Kaggle_data/train/Banarasi/images32_jpg.rf.0dfa3112d4d3c35a13be5b855ed69a82.jpg
350,bd07f8dbab98591a,c632fdf7f463b1f3,unreviewed,,0.7284,1.112,Kaggle_data/test/Banarasi/images54_jpg.rf.03d69a6149bb0bcd448b441ca2caa781.jpg,Kaggle_data/train/Banarasi/image32_jpeg.rf.84588d92c46676b4ee39ac30662e4794.jpg
351,ee18406530affb9a,90e9e91bfb8347ac,unreviewed,,0.7276,1.783,Kaggle_data/train/Banarasi/images134_jpg.rf.d86420036229b9944551b4ad04b8740a.jpg,Kaggle_data/train/Bandhani/3232592122_jpg.rf.1c30b34aa43a164100dbf87dbf548366.jpg
352,aa835c7d0729a21c,e71938832e528cc9,unreviewed,,0.7258,1.936,Kaggle_data/train/Banarasi/image6_jpeg.rf.7c1f859c15b92cc75e62a0629c37009a.jpg,Kaggle_data/train/Bandhani/9474F6_1_600x_jpg.rf.607a1a359ac338f961b4a345685827e5.jpg
353,bd07f8dbab98591a,592efb464a16130f,unreviewed,,0.7258,0.601,Kaggle_data/test/Banarasi/images54_jpg.rf.03d69a6149bb0bcd448b441ca2caa781.jpg,Kaggle_data/train/Bandhani/image17_jpeg.rf.072400d91e0a61617e9089f9ad99c2bc.jpg
354,74d4f0515a46a7a9,23b7db23a6821842,unreviewed,,0.7252,1.723,Kaggle_data/train/Bandhani/images16_jpg.rf.22c52dd1855a8a36661c9f39431641b9.jpg,Kaggle_data/train/Ikat/free-size-skin-friendly-multi-color-handloom-pochampally-ikkat-cotton-printed-dress-fabric-628_jpg.rf.1ef81c2fad98783201ff84f76800cf06.jpg
355,add3e93e947488d3,3eb0d3b60589220b,unreviewed,,0.725,1.956,Kaggle_data/train/Banarasi/image21_jpeg.rf.4a8d6ac5e7744004fedabd8d63f4e19e.jpg,Kaggle_data/valid/Banarasi/images167_jpg.rf.5ce0cd0c83a0d1344a1900b32a42dd41.jpg
356,4708cbe5e756e723,d59417fd9f9868c3,unreviewed,,0.7248,1.489,Kaggle_data/train/Pichwai/image3_jpeg.rf.c3d9f223a56316f92252bd1787ec371d.jpg,Kaggle_data/valid/Pichwai/PICHWAI-100005-01_jpg.rf.13b96408dd8dc8b3f11adb6aa086dd52.jpg
357,8ca06d25122f0206,07d2fbec099f4d7c,unreviewed,,0.7248,1.088,Kaggle_data/train/Pichwai/image27_jpeg.rf.2c939df935dc7c14a019d29689113da4.jpg,Kaggle_data/train/Pichwai/PICHWAI-100006-03_jpg.rf.44c819e1428df6135fe761b2d132bce4.jpg
358,8021b6725db836ab,9f08d679af0fe90c,unreviewed,,0.7232,0.929,Kaggle_data/test/Pichwai/20240507_120535_89a97d55-646a-4d79-b6b1-c4ddd6f0420a_jpg.rf.b2d9b018d9568b680a4ddd2ecb10b556.jpg,Kaggle_data/train/Pichwai/image23_jpeg.rf.641baff42acbb85dce1027d21baef9d0.jpg
359,782f2dff39e54886,d8fed1a77e6f5000,unreviewed,,0.7231,0.898,Kaggle_data/train/Ikat/F88AC223-FA52-42A5-8A04-20DE2571C66C_1_201_a_300x300_jpg.rf.14ff64d24083c215299a9249fb091421.jpg,Kaggle_data/valid/Ikat/images27_jpg.rf.494e8841fc06959d66550d0f81ec1d29.jpg
360,c6e83c415347666c,15ba33f46472eb68,unreviewed,,0.7231,1.824,Kaggle_data/train/Banarasi/images145_jpg.rf.43081cbeb1a47457193e901e40ad916e.jpg,Kaggle_data/train/Pichwai/images16_jpg.rf.e30d932a44c6c5794722f6d583af57e3.jpg
361,ee18406530affb9a,19286f9c965dbfac,unreviewed,,0.7228,1.758,Kaggle_data/train/Banarasi/images134_jpg.rf.d86420036229b9944551b4ad04b8740a.jpg,Kaggle_data/train/Ikat/images18_jpg.rf.7d06286b6293a2eb41451effed90187b.jpg
362,8020c9668347e404,c2db77d4df1ce33b,unreviewed,,0.7226,1.312,Kaggle_data/train/Pichwai/206beb9f71a2627f3001189b105e68ec_jpg.rf.60e7435db8cd7da69594df9b465c6797.jpg,Kaggle_data/valid/Pichwai/WhatsAppImage2023-03-24at4-43-49PM_jpg.rf.49ca0a4cb83f5441b72a54498afec6db.jpg
363,f8965a133cf07f88,60a10aa7dfdffc34,unreviewed,,0.7218,1.948,Kaggle_data/train/Ikat/f39-3_90da3663-47f5-44f4-80c1-4b687fbe2973_1024x_jpg.rf.5391ccfaa6496e5e281d35f31f79c3e7.jpg,Kaggle_data/valid/Ikat/image16_jpeg.rf.35c7f56927c1de8f0875d69b4e5a7dc7.jpg
364,1650c3f48b8e6a90,9211a92ae8a7d4c0,unreviewed,,0.7215,0.804,Kaggle_data/train/Banarasi/images22_jpg.rf.056a47dfc381a9ee20624c888577bcbc.jpg,Kaggle_data/train/Banarasi/images71_jpg.rf.0f5727bd140ee608535d8232110f44da.jpg
365,07d2fbec099f4d7c,6cdc3b6bd4c906eb,unreviewed,,0.7209,1.104,Kaggle_data/train/Pichwai/PICHWAI-100006-03_jpg.rf.44c819e1428df6135fe761b2d132bce4.jpg,Kaggle_data/train/Pichwai/The-folkart-rajasthan-product-image-2-pichwai-art-sundari-silks_png.rf.fe44142fd5697f14991320a20255c7f9.jpg
366,fb987c96ea5ffae7,aa835c7d0729a21c,unreviewed,,0.719,1.6,Kaggle_data/test/Banarasi/images144_jpg.rf.a8297c9ea5ecdc5e1ffc828f64f36aa3.jpg,Kaggle_data/train/Banarasi/image6_jpeg.rf.7c1f859c15b92cc75e62a0629c37009a.jpg
367,90e9e91bfb8347ac,738f096d384a127e,unreviewed,,0.7185,1.68,Kaggle_data/train/Bandhani/3232592122_jpg.rf.1c30b34aa43a164100dbf87dbf548366.jpg,Kaggle_data/train/Bandhani/image19_jpeg.rf.b618cdb66ec0065725b2d4132002420d.jpg
368,add3e93e947488d3,859fcab35371b2d3,unreviewed,,0.718,0.64,Kaggle_data/train/Banarasi/image21_jpeg.rf.4a8d6ac5e7744004fedabd8d63f4e19e.jpg,Kaggle_data/train/Banarasi/images130_jpg.rf.91da2397795548f7c01c964f5bcf892e.jpg
369,cd8b6861c95ccda9,208746da1288ba99,unreviewed,,0.7169,1.355,Kaggle_data/train/Pichwai/image8_jpeg.rf.79711cf6d22b29624d1790f5db612d7e.jpg,Kaggle_data/valid/Pichwai/image21_jpeg.rf.18a19e0529f7a2ed165958a1dc5fafa1.jpg
370,ebcefcfbca483e83,74d4f0515a46a7a9,unreviewed,,0.7168,1.277,Kaggle_data/train/Bandhani/745aed2f18112fccd9dd90962d9241c5_jpg.rf.f2d5ba6049aed828ecb98e31b9fa86be.jpg,Kaggle_data/train/Bandhani/images16_jpg.rf.22c52dd1855a8a36661c9f39431641b9.jpg
371,e71938832e528cc9,bc252e3872e7b053,unreviewed,,0.7164,1.24,Kaggle_data/train/Bandhani/9474F6_1_600x_jpg.rf.607a1a359ac338f961b4a345685827e5.jpg,Kaggle_data/train/Bandhani/black-digital-printed-cotton-bandhani-design-fabric-1-mtr-306022_jpg.rf.cc959a77b758390a5273e48aea05ded5.jpg
372,2fb4425ebd9e7746,c9bbbc30e25e5641,unreviewed,,0.716,0.733,Kaggle_data/train/Banarasi/images34_jpg.rf.b3f1fbe6f59cf6ceebea8c5b48071297.jpg,Kaggle_data/train/Banarasi/images49_jpg.rf.9814b99bd704afecef8ad25bdccccc7a.jpg
373,50dc6167431edcdc,873ab2caa2d8a2a1,unreviewed,,0.7158,1.932,Kaggle_data/train/Ikat/images11_jpg.rf.1f9b5d85ea56eb875a6b06e01fb4e840.jpg,Kaggle_data/train/Ikat/images28_jpg.rf.9790497267822a0b02660e79aa8988de.jpg
374,add3e93e947488d3,bc3228f3b4915ed7,unreviewed,,0.7148,1.991,Kaggle_data/train/Banarasi/image21_jpeg.rf.4a8d6ac5e7744004fedabd8d63f4e19e.jpg,Kaggle_data/valid/Banarasi/images23_jpg.rf.bfc30ebf3000e395255d548f9653f456.jpg
375,ebcefcfbca483e83,38e256363a7314e2,unreviewed,,0.7138,1.212,Kaggle_data/train/Bandhani/745aed2f18112fccd9dd90962d9241c5_jpg.rf.f2d5ba6049aed828ecb98e31b9fa86be.jpg,Kaggle_data/train/Bandhani/bandhani-print-rayon-fabric-full_jpg.rf.9b5fa1229ba56b09dfae0b2aae064be6.jpg
376,cef237ea1e3ae61c,3dbb7099adcbbd83,unreviewed,,0.7127,1.2,Kaggle_data/train/Bandhani/red-bandhani-cotton-silk-fabric-1-mtr-261793_jpg.rf.6b542f539695e3af2c55ffe398cfbceb.jpg,Kaggle_data/train/Bandhani/sfi11-brownie_jpg.rf.58b8b56c5e236c15a23cafa6ef9bab94.jpg
377,50dc6167431edcdc,e4373e1da30d3508,unreviewed,,0.7125,1.931,Kaggle_data/train/Ikat/images11_jpg.rf.1f9b5d85ea56eb875a6b06e01fb4e840.jpg,Kaggle_data/train/Ikat/images2_jpg.rf.89b8996a4628e7572d526a719af44bbd.jpg
378,c632fdf7f463b1f3,c11e062f708fe6e3,unreviewed,,0.7116,0.938,Kaggle_data/train/Banarasi/image32_jpeg.rf.84588d92c46676b4ee39ac30662e4794.jpg,Kaggle_data/train/Pichwai/393068_20CR_jpg.rf.85d9aa5d07a6106ae8ce1e7f8149cd41.jpg
379,64e99eb47afb4a02,9eb15d7fdb38a852,unreviewed,,0.7113,1.562,Kaggle_data/valid/Pichwai/images19_jpg.rf.b5d924a6542a311b4775cbdef643c80d.jpg,Kaggle_data/valid/Pichwai/ll-decor-yellow-10-inch-product-images-orvqmxnfwmn-p604000997-0-202308211413_jpg.rf.72f700ff0d677e5daa3d6c07ca3b93da.jpg
380,bc252e3872e7b053,4f2b1b8849443859,unreviewed,,0.7111,1.551,Kaggle_data/train/Bandhani/black-digital-printed-cotton-bandhani-design-fabric-1-mtr-306022_jpg.rf.cc959a77b758390a5273e48aea05ded5.jpg,Kaggle_data/valid/Bandhani/raw-silk-bandhani-print-fabric-red-m-foks-3_webp.rf.b3f5838ec2980a00df6f78a50634f143.jpg
381,fb987c96ea5ffae7,c632fdf7f463b1f3,unreviewed,,0.711,1.586,Kaggle_data/test/Banarasi/images144_jpg.rf.a8297c9ea5ecdc5e1ffc828f64f36aa3.jpg,Kaggle_data/train/Banarasi/image32_jpeg.rf.84588d92c46676b4ee39ac30662e4794.jpg
382,b634cde359c3417e,759484586535c01a,unreviewed,,0.711,2.0,Kaggle_data/train/Ikat/55f7c953-8e93-443f-a636-9f8bd6df313f_jpg.rf.9ef4b60847e74ca43aa030e50b117b70.jpg,Kaggle_data/train/Ikat/image19_jpeg.rf.0edf67e6afe4c4528d1dc1cc522f1179.jpg
383,632d0e99c00a69b3,4f2b1b8849443859,unreviewed,,0.7108,2.0,Kaggle_data/valid/Bandhani/DN-1015-1_921d9151-9a55-48a2-acbc-753a348b9609_jpg.rf.ff238411cf444b79ed5a8b96a8223a45.jpg,Kaggle_data/valid/Bandhani/raw-silk-bandhani-print-fabric-red-m-foks-3_webp.rf.b3f5838ec2980a00df6f78a50634f143.jpg
384,de036b54f8838ba4,c11e062f708fe6e3,unreviewed,,0.7107,1.468,Kaggle_data/train/Banarasi/images93_jpg.rf.310e3734b28ea3429654ff3cd362993f.jpg,Kaggle_data/train/Pichwai/393068_20CR_jpg.rf.85d9aa5d07a6106ae8ce1e7f8149cd41.jpg
385,a5f6a67dba4a5b1a,aebafc968e1d9a56,unreviewed,,0.7105,2.0,Kaggle_data/train/Ikat/1TTXGENAP06537_1_jpg.rf.2b353682200ba3ec06b5e1fae1623639.jpg,Kaggle_data/train/Ikat/91Id57ZGPQL-_AC_UY1100__jpg.rf.c3932c2a3b48be2beb5ef5695b451a7a.jpg
386,f2b861c5cab1c3c6,b8318464ca1a0b8e,unreviewed,,0.7105,2.0,Kaggle_data/train/Bandhani/images19_jpg.rf.5fcfaca3912f3a1ba8b3538d272bbf14.jpg,Kaggle_data/train/Bandhani/sf30180a_jpg.rf.2a2b890dd8ec50826803949b4ea585d2.jpg
387,8020c9668347e404,607eae9e7f789e97,unreviewed,,0.7101,1.65,Kaggle_data/train/Pichwai/206beb9f71a2627f3001189b105e68ec_jpg.rf.60e7435db8cd7da69594df9b465c6797.jpg,Kaggle_data/train/Pichwai/91iBR3xJlKL_jpg.rf.075962235bd386387118522dbefbdbe8.jpg
388,c632fdf7f463b1f3,cb4b16a5fb06b990,unreviewed,,0.709,1.936,Kaggle_data/train/Banarasi/image32_jpeg.rf.84588d92c46676b4ee39ac30662e4794.jpg,Kaggle_data/train/Banarasi/images156_jpg.rf.d8573b3f1c82d49610885e5062577c99.jpg
389,31240fb4915713d6,76bf7f9cb0ea62fb,unreviewed,,0.7082,1.767,Kaggle_data/train/Ikat/f23-2_cbcc9ff5-b9bf-4389-9b86-23112a581598_1024x_jpg.rf.c1287af845ca38274808b401470ca256.jpg,Kaggle_data/train/Ikat/image13_jpeg.rf.e1dd1317e78afe610a397ee1baa27a5f.jpg
390,d2e894af5e728f53,782f2dff39e54886,unreviewed,,0.7077,0.784,Kaggle_data/test/Ikat/B590787E-3B4C-431F-BFEB-FCF57C5D44DE_1_201_a_300x300_jpg.rf.7e6fcb424b49135ac91a6aa3ff45945e.jpg,Kaggle_data/train/Ikat/F88AC223-FA52-42A5-8A04-20DE2571C66C_1_201_a_300x300_jpg.rf.14ff64d24083c215299a9249fb091421.jpg
391,a56c83609c030668,9eb15d7fdb38a852,unreviewed,,0.7074,1.59,Kaggle_data/valid/Pichwai/-wall-decor-blue-6-inch-product-images-orvhtikoavh-p604001006-2-202308211414_jpg.rf.d1e70fa5bad42818fcea663eb75a7c31.jpg,Kaggle_data/valid/Pichwai/ll-decor-yellow-10-inch-product-images-orvqmxnfwmn-p604000997-0-202308211413_jpg.rf.72f700ff0d677e5daa3d6c07ca3b93da.jpg
392,934959b5c5eca6b8,4708cdf2c1728b35,unreviewed,,0.7062,1.128,Kaggle_data/train/Banarasi/images46_jpg.rf.2977dcdb64f6701fac5ea5961acf7e5a.jpg,Kaggle_data/train/Banarasi/images94_jpg.rf.34d67919b3e960da326fac8d377b72d3.jpg
393,0d2307d9fdaa1e40,969141c11c9d1789,unreviewed,,0.7047,1.997,Kaggle_data/test/Bandhani/dsc_9228_jpg.rf.2a3721f25fbeec0feb0c727b8b388a1c.jpg,Kaggle_data/train/Banarasi/images136_jpg.rf.8079d6e73bcd0b3954cf2e6027c4aefc.jpg
394,f5cb42d13ab04ae7,ba385401b0eac563,unreviewed,,0.7038,1.619,Kaggle_data/test/Bandhani/DN-1007-1_cd147f84-3622-4f10-b256-e8dcde432b00_jpg.rf.9ef2f61f872fc76791cb97da837b2659.jpg,Kaggle_data/valid/Bandhani/maroon-bandhani-pure-gajji-silk-fabric-1-mtr-963034_jpg.rf.d66864d1e8adb15b60deccf1bf369a18.jpg
395,aa835c7d0729a21c,c11e062f708fe6e3,unreviewed,,0.7038,1.753,Kaggle_data/train/Banarasi/image6_jpeg.rf.7c1f859c15b92cc75e62a0629c37009a.jpg,Kaggle_data/train/Pichwai/393068_20CR_jpg.rf.85d9aa5d07a6106ae8ce1e7f8149cd41.jpg
396,1b7290d873df7564,8b5a7f7b172f9632,unreviewed,,0.703,1.266,Kaggle_data/test/Pichwai/TussarSilkDigitalPrint_1_jpg.rf.47e929d613bce1351222a1d023411231.jpg,Kaggle_data/train/Pichwai/3ecbd3093e0a3c11364d2ae1efd37dbb_jpg.rf.0bd8e0a39bb6338ce7611b8a587cce69.jpg
397,dd77aad836500e27,19286f9c965dbfac,unreviewed,,0.703,1.991,Kaggle_data/train/Ikat/Ikkat_Cotton_Fabric_material-ICFM0014_jpg.rf.60071762030859aa9d9e56cc9907c391.jpg,Kaggle_data/train/Ikat/images18_jpg.rf.7d06286b6293a2eb41451effed90187b.jpg
398,8021b6725db836ab,1ff8c36c187a7a04,unreviewed,,0.7029,1.881,Kaggle_data/test/Pichwai/20240507_120535_89a97d55-646a-4d79-b6b1-c4ddd6f0420a_jpg.rf.b2d9b018d9568b680a4ddd2ecb10b556.jpg,Kaggle_data/test/Pichwai/image_6f256316-f947-4d17-b801-041b0d9f7d08_jpg.rf.c63c317ab1044ba82eb31b42d1fe15e2.jpg
399,71bfe1f01c2dde9a,b1a9a5205f046454,unreviewed,,0.7023,1.32,Kaggle_data/train/Pichwai/IMG-20210709-WA0017_grande_jpg.rf.e8f2c6db14c4c8f64d52ed9351839a73.jpg,Kaggle_data/train/Pichwai/WhatsAppImage2022-07-11at6-03-03PM_jpg.rf.bda70f39ebf0829458a30f68904a2731.jpg
400,14552eb70094308f,55256db9897f43cd,unreviewed,,0.7006,1.649,Kaggle_data/train/Banarasi/images27_jpg.rf.03d463e5808a105fa31dfa05b0dc81f9.jpg,Kaggle_data/valid/Banarasi/images138_jpg.rf.0532a3771bb1b61fa0b473388efbe1cc.jpg
401,8020c9668347e404,cba31dbdcae0ecc8,unreviewed,,0.7004,1.391,Kaggle_data/train/Pichwai/206beb9f71a2627f3001189b105e68ec_jpg.rf.60e7435db8cd7da69594df9b465c6797.jpg,Kaggle_data/train/Pichwai/images_jpg.rf.4be543c60dfccbb869c0ae165dae4701.jpg
402,aebafc968e1d9a56,a7485311fe938e0f,unreviewed,,0.7004,2.0,Kaggle_data/train/Ikat/91Id57ZGPQL-_AC_UY1100__jpg.rf.c3932c2a3b48be2beb5ef5695b451a7a.jpg,Kaggle_data/valid/Banarasi/images7_jpg.rf.548124a6f72034f6d9d68a5ee7a0ec38.jpg
403,8ca06d25122f0206,1d02545ae51c9657,unreviewed,,0.7002,1.412,Kaggle_data/train/Pichwai/image27_jpeg.rf.2c939df935dc7c14a019d29689113da4.jpg,Kaggle_data/valid/Pichwai/PICHWAI-100014-03_jpg.rf.efd886ae868cd7ec93361a52c7c4fb24.jpg
404,cb4b16a5fb06b990,50dc6167431edcdc,unreviewed,,0.6999,2.0,Kaggle_data/train/Banarasi/images156_jpg.rf.d8573b3f1c82d49610885e5062577c99.jpg,Kaggle_data/train/Ikat/images11_jpg.rf.1f9b5d85ea56eb875a6b06e01fb4e840.jpg
405,c632fdf7f463b1f3,c9bbbc30e25e5641,unreviewed,,0.6989,1.097,Kaggle_data/train/Banarasi/image32_jpeg.rf.84588d92c46676b4ee39ac30662e4794.jpg,Kaggle_data/train/Banarasi/images49_jpg.rf.9814b99bd704afecef8ad25bdccccc7a.jpg
406,31240fb4915713d6,3f674f12a773f991,unreviewed,,0.6965,1.029,Kaggle_data/train/Ikat/f23-2_cbcc9ff5-b9bf-4389-9b86-23112a581598_1024x_jpg.rf.c1287af845ca38274808b401470ca256.jpg,Kaggle_data/train/Ikat/images8_jpg.rf.0d7c2db2efe00df30e7928ef4f560a64.jpg
407,bd2aa397870736a9,e0f6ea862fd6d16b,unreviewed,,0.6946,1.956,Kaggle_data/test/Bandhani/IMG_20231119_154540_630_jpg.rf.7b624fb383324fb4f24fa66b89bae082.jpg,Kaggle_data/valid/Bandhani/3369331327_jpg.rf.2cfc4e986a41ef45113d9c059674ce75.jpg
408,56ed2672ec118c9b,34472c08841abe52,unreviewed,,0.6939,1.991,Kaggle_data/train/Ikat/1-5-5_jpg.rf.22a80ae5ba30499032f8af935ccb61e0.jpg,Kaggle_data/train/Ikat/79_jpg.rf.f0aacf2a39e9dad0aa720828f35f9f70.jpg
409,db53e5c2f16d0797,60a10aa7dfdffc34,unreviewed,,0.6932,1.949,Kaggle_data/train/Ikat/image22_jpeg.rf.8a0d6201d822ab1b22eaeabc2eceb0f6.jpg,Kaggle_data/valid/Ikat/image16_jpeg.rf.35c7f56927c1de8f0875d69b4e5a7dc7.jpg
410,1ff8c36c187a7a04,cf216e2c52c39723,unreviewed,,0.693,1.737,Kaggle_data/test/Pichwai/image_6f256316-f947-4d17-b801-041b0d9f7d08_jpg.rf.c63c317ab1044ba82eb31b42d1fe15e2.jpg,Kaggle_data/train/Pichwai/22003334-B_jpg.rf.fcb9cf1d642225bde449fc39dc4f254f.jpg
411,0a8ce81bac1373ef,c1011854f6e3e896,unreviewed,,0.6929,1.558,Kaggle_data/train/Banarasi/images5_jpg.rf.84059d95c347f08815b5cce4bf41adf8.jpg,Kaggle_data/train/Pichwai/9027M5_1_1024x_jpg.rf.71cbf06537a0b400c6bccba2ae8e4095.jpg
412,2adaea4371e48554,e979bc01c911aba7,unreviewed,,0.6928,1.985,Kaggle_data/train/Banarasi/images132_jpg.rf.8265bfd068cbf0b3e189fbb79bcff8d2.jpg,Kaggle_data/train/Banarasi/images36_jpg.rf.23a0e08774e55fbade1d4fe281a30e6b.jpg
413,8020c9668347e404,26c068bd1199aeab,unreviewed,,0.6921,1.129,Kaggle_data/train/Pichwai/206beb9f71a2627f3001189b105e68ec_jpg.rf.60e7435db8cd7da69594df9b465c6797.jpg,Kaggle_data/train/Pichwai/pichwai-painting-500x500_jpg.rf.4b41397f51263153c8fc3707d93f1a28.jpg
414,45de157f97de3155,d9b563762a8b9b08,unreviewed,,0.6919,0.915,Kaggle_data/test/Banarasi/image23_jpeg.rf.b65df2ec23b777df1179b97bc2103ac4.jpg,Kaggle_data/valid/Banarasi/image27_jpeg.rf.4a6a343b13322af1fe1209da18514265.jpg
415,2292b8b364ff5048,dc4004f1115455a4,unreviewed,,0.69,1.99,Kaggle_data/train/Bandhani/images11_jpg.rf.b02ec7a275b2bc56013ebecaeb5b244b.jpg,Kaggle_data/train/Ikat/images6_jpg.rf.dfdb26954379a6505ccaa8cda39f56ff.jpg
416,980627b87b671b3c,859fcab35371b2d3,unreviewed,,0.6887,0.812,Kaggle_data/train/Banarasi/image_jpeg.rf.792bdc8d24c128130fb6d1ccac41b8a0.jpg,Kaggle_data/train/Banarasi/images130_jpg.rf.91da2397795548f7c01c964f5bcf892e.jpg
417,72440d8514acd954,49797ba5d5b290ae,unreviewed,,0.6885,1.946,Kaggle_data/train/Pichwai/image13_jpeg.rf.c7c346ee6f26655ca0763fffbf6d4397.jpg,Kaggle_data/train/Pichwai/image22_jpeg.rf.75231a3d90dcd118fe05a6b275bd37a1.jpg
418,618c8c2355183211,74d4f0515a46a7a9,unreviewed,,0.6883,1.735,Kaggle_data/test/Banarasi/images88_jpg.rf.1e3b94d6a82ce5e2a34f6651961a7385.jpg,Kaggle_data/train/Bandhani/images16_jpg.rf.22c52dd1855a8a36661c9f39431641b9.jpg
419,88f534c39f020627,632d0e99c00a69b3,unreviewed,,0.6881,1.999,Kaggle_data/train/Bandhani/maroon-bandhani-pure-gajji-silk-fabric-1-mtr-311869_jpg.rf.4fa50d95b5dac39ac6c0af11294e2c25.jpg,Kaggle_data/valid/Bandhani/DN-1015-1_921d9151-9a55-48a2-acbc-753a348b9609_jpg.rf.ff238411cf444b79ed5a8b96a8223a45.jpg
420,5a6e7e6501d21d8d,0f55b92a00b98947,unreviewed,,0.6881,1.181,Kaggle_data/train/Banarasi/images58_jpg.rf.22eebdc8a76412c7eaa6f1aeaa64b41a.jpg,Kaggle_data/train/Bandhani/images10_jpg.rf.0dfe8f2fa97adaebf5736bd72a4c2ea9.jpg
421,dc4004f1115455a4,02a62e7be13f4b97,unreviewed,,0.6876,1.512,Kaggle_data/train/Ikat/images6_jpg.rf.dfdb26954379a6505ccaa8cda39f56ff.jpg,Kaggle_data/valid/Ikat/images31_jpg.rf.cc41d2af1c2551646cc984cff771d9bc.jpg
422,9db0db20b0f3093a,3cc9a8051cb1fde3,unreviewed,,0.6869,1.532,Kaggle_data/valid/Banarasi/images14_jpg.rf.cd962a7324af2f2c7e0d5277e21769fa.jpg,Kaggle_data/valid/Banarasi/images35_jpg.rf.f3b86625148d299717ad75482f9dfb1c.jpg
423,56ed2672ec118c9b,140568e8def9016c,unreviewed,,0.6852,2.0,Kaggle_data/train/Ikat/1-5-5_jpg.rf.22a80ae5ba30499032f8af935ccb61e0.jpg,Kaggle_data/train/Ikat/image4_jpeg.rf.59a45c75f377ec9d3123e90a7198fb97.jpg
424,76bf7f9cb0ea62fb,3f674f12a773f991,unreviewed,,0.6851,1.45,Kaggle_data/train/Ikat/image13_jpeg.rf.e1dd1317e78afe610a397ee1baa27a5f.jpg,Kaggle_data/train/Ikat/images8_jpg.rf.0d7c2db2efe00df30e7928ef4f560a64.jpg
425,842bb894a419ee9d,dec3fe20d5fc1ac1,unreviewed,,0.6849,1.864,Kaggle_data/train/Ikat/pochampally-ikat-silk-fabric_jpg.rf.2401e7a77bfa8d37f79f208ac5e942d0.jpg,Kaggle_data/valid/Ikat/52f8e176-412e-480c-a05a-6836a969400b_jpg.rf.ffd935c5c37cb985ab6db48694488a10.jpg
426,85ae5fb9899d7fc2,e71a093765197dbe,unreviewed,,0.6843,1.262,Kaggle_data/train/Banarasi/images165_jpg.rf.3641c1f7d57f841390829028f1dc3e5c.jpg,Kaggle_data/valid/Banarasi/images164_jpg.rf.c0eeb4152628c1ff26471b3ec654e1bf.jpg
427,ed75156b587d9e53,c9bbbc30e25e5641,unreviewed,,0.684,1.984,Kaggle_data/train/Banarasi/images103_jpg.rf.51f7a11eec23c0049b75e5962292ef26.jpg,Kaggle_data/train/Banarasi/images49_jpg.rf.9814b99bd704afecef8ad25bdccccc7a.jpg
428,0adf6088056505c2,9db0db20b0f3093a,unreviewed,,0.6833,0.836,Kaggle_data/test/Banarasi/images127_jpg.rf.58275150b0d3a9f0bee9d548ae0888e4.jpg,Kaggle_data/valid/Banarasi/images14_jpg.rf.cd962a7324af2f2c7e0d5277e21769fa.jpg
429,cd6cea0c406cea6a,55256db9897f43cd,unreviewed,,0.6831,0.629,Kaggle_data/train/Banarasi/images75_jpg.rf.7d37f1aae5ef6ed78bcc3622b7ef1242.jpg,Kaggle_data/valid/Banarasi/images138_jpg.rf.0532a3771bb1b61fa0b473388efbe1cc.jpg
430,3f674f12a773f991,645d68014c44ff26,unreviewed,,0.683,1.635,Kaggle_data/train/Ikat/images8_jpg.rf.0d7c2db2efe00df30e7928ef4f560a64.jpg,Kaggle_data/valid/Bandhani/seamless-decorative-geometric-patoda-bandhani-600nw-1874534062_jpg.rf.b685d132e9a806069c48086a2bcc223d.jpg
431,26679a65ea7c414e,372a787828b13f67,unreviewed,,0.683,1.999,Kaggle_data/train/Banarasi/image15_jpeg.rf.ebf690a16bde6941a4fd0ac45c2e8889.jpg,Kaggle_data/train/Ikat/images_jpg.rf.6984147bd97ae08da2c3e176a93853bf.jpg
432,859fcab35371b2d3,ef84f63daff3d269,unreviewed,,0.6829,2.0,Kaggle_data/train/Banarasi/images130_jpg.rf.91da2397795548f7c01c964f5bcf892e.jpg,Kaggle_data/train/Banarasi/images133_jpg.rf.724d99f5c5c6b2c568887c119b74aff1.jpg
433,c632fdf7f463b1f3,4708cdf2c1728b35,unreviewed,,0.6826,1.644,Kaggle_data/train/Banarasi/image32_jpeg.rf.84588d92c46676b4ee39ac30662e4794.jpg,Kaggle_data/train/Banarasi/images94_jpg.rf.34d67919b3e960da326fac8d377b72d3.jpg
434,169d548253db9c78,0a87a73439db3a40,unreviewed,,0.6824,1.437,Kaggle_data/train/Pichwai/pea-flt1238_jpg.rf.1f73e6832c9340bd79fe4b37f86d9f8e.jpg,Kaggle_data/train/Pichwai/pea-flt1658a_jpg.rf.55b2adce87cf81ca60e7c3d521705d68.jpg
435,6cdc3b6bd4c906eb,1d02545ae51c9657,unreviewed,,0.6815,1.275,Kaggle_data/train/Pichwai/The-folkart-rajasthan-product-image-2-pichwai-art-sundari-silks_png.rf.fe44142fd5697f14991320a20255c7f9.jpg,Kaggle_data/valid/Pichwai/PICHWAI-100014-03_jpg.rf.efd886ae868cd7ec93361a52c7c4fb24.jpg
436,f86bd2fae88b91e0,3dbb7099adcbbd83,unreviewed,,0.6813,1.995,Kaggle_data/train/Bandhani/20230816_173457-640x640_jpg.rf.12235806aa9c80cd29cf4f08964a4b71.jpg,Kaggle_data/train/Bandhani/sfi11-brownie_jpg.rf.58b8b56c5e236c15a23cafa6ef9bab94.jpg
437,c632fdf7f463b1f3,980627b87b671b3c,unreviewed,,0.6812,1.759,Kaggle_data/train/Banarasi/image32_jpeg.rf.84588d92c46676b4ee39ac30662e4794.jpg,Kaggle_data/train/Banarasi/image_jpeg.rf.792bdc8d24c128130fb6d1ccac41b8a0.jpg
438,8020c9668347e404,b1a9a5205f046454,unreviewed,,0.6811,1.607,Kaggle_data/train/Pichwai/206beb9f71a2627f3001189b105e68ec_jpg.rf.60e7435db8cd7da69594df9b465c6797.jpg,Kaggle_data/train/Pichwai/WhatsAppImage2022-07-11at6-03-03PM_jpg.rf.bda70f39ebf0829458a30f68904a2731.jpg
439,cef237ea1e3ae61c,b634cde359c3417e,unreviewed,,0.6802,2.0,Kaggle_data/train/Bandhani/red-bandhani-cotton-silk-fabric-1-mtr-261793_jpg.rf.6b542f539695e3af2c55ffe398cfbceb.jpg,Kaggle_data/train/Ikat/55f7c953-8e93-443f-a636-9f8bd6df313f_jpg.rf.9ef4b60847e74ca43aa030e50b117b70.jpg
440,c632fdf7f463b1f3,934959b5c5eca6b8,unreviewed,,0.6797,1.729,Kaggle_data/train/Banarasi/image32_jpeg.rf.84588d92c46676b4ee39ac30662e4794.jpg,Kaggle_data/train/Banarasi/images46_jpg.rf.2977dcdb64f6701fac5ea5961acf7e5a.jpg
441,cb4b16a5fb06b990,c5d6cde409632741,unreviewed,,0.6791,2.0,Kaggle_data/train/Banarasi/images156_jpg.rf.d8573b3f1c82d49610885e5062577c99.jpg,Kaggle_data/train/Ikat/images24_jpg.rf.a1523e758f065537bb947d65244e1e4d.jpg
442,b634cde359c3417e,dc4004f1115455a4,unreviewed,,0.679,2.0,Kaggle_data/train/Ikat/55f7c953-8e93-443f-a636-9f8bd6df313f_jpg.rf.9ef4b60847e74ca43aa030e50b117b70.jpg,Kaggle_data/train/Ikat/images6_jpg.rf.dfdb26954379a6505ccaa8cda39f56ff.jpg
443,8011b06a2d24b3a7,0a87a73439db3a40,unreviewed,,0.6787,1.657,Kaggle_data/train/Pichwai/42641-a_016bdd3c-affe-4148-9f72-7cd44b16bfac_jpg.rf.738148683e11d47e96a3f9928c85c4a4.jpg,Kaggle_data/train/Pichwai/pea-flt1658a_jpg.rf.55b2adce87cf81ca60e7c3d521705d68.jpg
444,bd07f8dbab98591a,ef84f63daff3d269,unreviewed,,0.6778,1.999,Kaggle_data/test/Banarasi/images54_jpg.rf.03d69a6149bb0bcd448b441ca2caa781.jpg,Kaggle_data/train/Banarasi/images133_jpg.rf.724d99f5c5c6b2c568887c119b74aff1.jpg
445,ce128300316226ac,dd77aad836500e27,unreviewed,,0.6778,1.489,Kaggle_data/test/Banarasi/images150_jpg.rf.a17f2d73ed2735a5e73ee4a4336c6b51.jpg,Kaggle_data/train/Ikat/Ikkat_Cotton_Fabric_material-ICFM0014_jpg.rf.60071762030859aa9d9e56cc9907c391.jpg
446,99bffab5f08e66d4,56ed2672ec118c9b,unreviewed,,0.6769,1.998,Kaggle_data/train/Bandhani/image31_jpeg.rf.4b66acafcab415052bf7c3606ee45982.jpg,Kaggle_data/train/Ikat/1-5-5_jpg.rf.22a80ae5ba30499032f8af935ccb61e0.jpg
447,26679a65ea7c414e,9211a92ae8a7d4c0,unreviewed,,0.6768,1.996,Kaggle_data/train/Banarasi/image15_jpeg.rf.ebf690a16bde6941a4fd0ac45c2e8889.jpg,Kaggle_data/train/Banarasi/images71_jpg.rf.0f5727bd140ee608535d8232110f44da.jpg
448,1b7290d873df7564,8011b06a2d24b3a7,unreviewed,,0.6767,1.215,Kaggle_data/test/Pichwai/TussarSilkDigitalPrint_1_jpg.rf.47e929d613bce1351222a1d023411231.jpg,Kaggle_data/train/Pichwai/42641-a_016bdd3c-affe-4148-9f72-7cd44b16bfac_jpg.rf.738148683e11d47e96a3f9928c85c4a4.jpg
449,dd77aad836500e27,60a10aa7dfdffc34,unreviewed,,0.6767,1.991,Kaggle_data/train/Ikat/Ikkat_Cotton_Fabric_material-ICFM0014_jpg.rf.60071762030859aa9d9e56cc9907c391.jpg,Kaggle_data/valid/Ikat/image16_jpeg.rf.35c7f56927c1de8f0875d69b4e5a7dc7.jpg
450,aa835c7d0729a21c,969141c11c9d1789,unreviewed,,0.6765,1.764,Kaggle_data/train/Banarasi/image6_jpeg.rf.7c1f859c15b92cc75e62a0629c37009a.jpg,Kaggle_data/train/Banarasi/images136_jpg.rf.8079d6e73bcd0b3954cf2e6027c4aefc.jpg
451,2292b8b364ff5048,3eb0d3b60589220b,unreviewed,,0.6764,1.996,Kaggle_data/train/Bandhani/images11_jpg.rf.b02ec7a275b2bc56013ebecaeb5b244b.jpg,Kaggle_data/valid/Banarasi/images167_jpg.rf.5ce0cd0c83a0d1344a1900b32a42dd41.jpg
452,ee18406530affb9a,842bb894a419ee9d,unreviewed,,0.676,1.918,Kaggle_data/train/Banarasi/images134_jpg.rf.d86420036229b9944551b4ad04b8740a.jpg,Kaggle_data/train/Ikat/pochampally-ikat-silk-fabric_jpg.rf.2401e7a77bfa8d37f79f208ac5e942d0.jpg
453,a5f6a67dba4a5b1a,924395959b6404d1,unreviewed,,0.6755,1.977,Kaggle_data/train/Ikat/1TTXGENAP06537_1_jpg.rf.2b353682200ba3ec06b5e1fae1623639.jpg,Kaggle_data/train/Pichwai/20230304_152947_clipped_rev_1_1024x_jpg.rf.3225331836fc17e6ec5480a02525ec92.jpg
454,0a8ce81bac1373ef,1536050438541fb6,unreviewed,,0.6754,1.542,Kaggle_data/train/Banarasi/images5_jpg.rf.84059d95c347f08815b5cce4bf41adf8.jpg,Kaggle_data/valid/Bandhani/white-and-yellow-bandhani-print-on-red-kota-doria-fabric-635547_jpg.rf.f7fefce0320c4e0ed3f1724016fc0171.jpg
455,618c8c2355183211,38e256363a7314e2,unreviewed,,0.6747,1.195,Kaggle_data/test/Banarasi/images88_jpg.rf.1e3b94d6a82ce5e2a34f6651961a7385.jpg,Kaggle_data/train/Bandhani/bandhani-print-rayon-fabric-full_jpg.rf.9b5fa1229ba56b09dfae0b2aae064be6.jpg
456,e07331c3b735512b,cf7d93323505ae4c,unreviewed,,0.6746,0.826,Kaggle_data/test/Pichwai/il_570xN-5372611899_fdxt_jpg.rf.81850fde0c7e27df116381031df71497.jpg,Kaggle_data/train/Pichwai/images6_jpg.rf.636c80c7d9a281abcdd5083dfdddf708.jpg
457,85ae5fb9899d7fc2,2fb4425ebd9e7746,unreviewed,,0.674,1.354,Kaggle_data/train/Banarasi/images165_jpg.rf.3641c1f7d57f841390829028f1dc3e5c.jpg,Kaggle_data/train/Banarasi/images34_jpg.rf.b3f1fbe6f59cf6ceebea8c5b48071297.jpg
458,c11e062f708fe6e3,169d548253db9c78,unreviewed,,0.673,1.37,Kaggle_data/train/Pichwai/393068_20CR_jpg.rf.85d9aa5d07a6106ae8ce1e7f8149cd41.jpg,Kaggle_data/train/Pichwai/pea-flt1238_jpg.rf.1f73e6832c9340bd79fe4b37f86d9f8e.jpg
459,9211a92ae8a7d4c0,524e1db15c5b16d8,unreviewed,,0.6715,1.804,Kaggle_data/train/Banarasi/images71_jpg.rf.0f5727bd140ee608535d8232110f44da.jpg,Kaggle_data/valid/Pichwai/image31_jpeg.rf.1b76e255379b72458edeb7942a8c6301.jpg
460,bd07f8dbab98591a,5a6e7e6501d21d8d,unreviewed,,0.6714,1.468,Kaggle_data/test/Banarasi/images54_jpg.rf.03d69a6149bb0bcd448b441ca2caa781.jpg,Kaggle_data/train/Banarasi/images58_jpg.rf.22eebdc8a76412c7eaa6f1aeaa64b41a.jpg
461,1650c3f48b8e6a90,709a20b6f20aaaab,unreviewed,,0.6712,0.711,Kaggle_data/train/Banarasi/images22_jpg.rf.056a47dfc381a9ee20624c888577bcbc.jpg,Kaggle_data/valid/Banarasi/images12_jpg.rf.cc5738194c977dc13aea5388b43a5b61.jpg
462,2fb4425ebd9e7746,709a20b6f20aaaab,unreviewed,,0.6695,1.096,Kaggle_data/train/Banarasi/images34_jpg.rf.b3f1fbe6f59cf6ceebea8c5b48071297.jpg,Kaggle_data/valid/Banarasi/images12_jpg.rf.cc5738194c977dc13aea5388b43a5b61.jpg
463,1ff8c36c187a7a04,9f89504e94b31ea8,unreviewed,,0.6684,1.695,Kaggle_data/test/Pichwai/image_6f256316-f947-4d17-b801-041b0d9f7d08_jpg.rf.c63c317ab1044ba82eb31b42d1fe15e2.jpg,Kaggle_data/train/Pichwai/WhatsAppImage2022-07-29at11-41-25AM_2_jpg.rf.0ba70bd45bbb310892de1fbfe5daee18.jpg
464,9211a92ae8a7d4c0,8e9accf23b09186b,unreviewed,,0.6682,1.723,Kaggle_data/train/Banarasi/images71_jpg.rf.0f5727bd140ee608535d8232110f44da.jpg,Kaggle_data/train/Pichwai/images3_jpg.rf.e7dac320ad95af2944a07ffafefa863d.jpg
465,446812c6513d4d17,645d68014c44ff26,unreviewed,,0.6679,1.392,Kaggle_data/train/Bandhani/indian-saree-texture-bandhani-print-600nw-1988687258_jpg.rf.1a796e9a88306f9616aafb4f41320e8a.jpg,Kaggle_data/valid/Bandhani/seamless-decorative-geometric-patoda-bandhani-600nw-1874534062_jpg.rf.b685d132e9a806069c48086a2bcc223d.jpg
466,873ab2caa2d8a2a1,6e363d56fb71ea91,unreviewed,,0.6678,2.0,Kaggle_data/train/Ikat/images28_jpg.rf.9790497267822a0b02660e79aa8988de.jpg,Kaggle_data/valid/Banarasi/images24_jpg.rf.adfafcd328bbb5d8f044123023f8c14f.jpg
467,ae663ac3ae92667b,f2b861c5cab1c3c6,unreviewed,,0.6657,2.0,Kaggle_data/train/Bandhani/image13_jpeg.rf.c1368264f30a9336a7d575da1a083a5d.jpg,Kaggle_data/train/Bandhani/images19_jpg.rf.5fcfaca3912f3a1ba8b3538d272bbf14.jpg
468,2274da282fd32857,0f55b92a00b98947,unreviewed,,0.6655,0.89,Kaggle_data/test/Bandhani/dsc_0906_jpg.rf.40b22185e2138e667d53240f8efda936.jpg,Kaggle_data/train/Bandhani/images10_jpg.rf.0dfe8f2fa97adaebf5736bd72a4c2ea9.jpg
469,e587f6467c560247,372a787828b13f67,unreviewed,,0.6655,1.533,Kaggle_data/train/Ikat/fsi2450501k1_400x_crop_center_jpg.rf.48291be444e8f61797b220569dda22a3.jpg,Kaggle_data/train/Ikat/images_jpg.rf.6984147bd97ae08da2c3e176a93853bf.jpg
470,b8536e6880a34da3,f883ed73aedfcbf2,unreviewed,,0.6647,1.913,Kaggle_data/train/Banarasi/images70_jpg.rf.ef41784b4ca083101823b4876f27f48a.jpg,Kaggle_data/train/Bandhani/georgette-bandhani-fabric-full_jpg.rf.291b8790ce98ebf75c1aa187041f0f1e.jpg
471,a908a80640a64a91,bdbf7055c899f36a,unreviewed,,0.6646,1.076,Kaggle_data/train/Pichwai/20240507_114001_5bf43237-dd0b-475c-aac1-00592d812869_jpg.rf.d244246e2aab62127e61e0bb15b7f89f.jpg,Kaggle_data/train/Pichwai/9557ER2_4_grande_jpg.rf.144bb768e33944c8c246d6629121e69e.jpg
472,14552eb70094308f,cd6cea0c406cea6a,unreviewed,,0.6646,1.536,Kaggle_data/train/Banarasi/images27_jpg.rf.03d463e5808a105fa31dfa05b0dc81f9.jpg,Kaggle_data/train/Banarasi/images75_jpg.rf.7d37f1aae5ef6ed78bcc3622b7ef1242.jpg
473,5aac80aad07fa02c,f86bd2fae88b91e0,unreviewed,,0.6642,1.995,Kaggle_data/test/Bandhani/red-bandhani-pure-gajji-silk-fabric-1-mtr-429285_jpg.rf.a746a2f9b1262c60f5830ff0a9527e3f.jpg,Kaggle_data/train/Bandhani/20230816_173457-640x640_jpg.rf.12235806aa9c80cd29cf4f08964a4b71.jpg
474,cd8b6861c95ccda9,c2db77d4df1ce33b,unreviewed,,0.6642,1.345,Kaggle_data/train/Pichwai/image8_jpeg.rf.79711cf6d22b29624d1790f5db612d7e.jpg,Kaggle_data/valid/Pichwai/WhatsAppImage2023-03-24at4-43-49PM_jpg.rf.49ca0a4cb83f5441b72a54498afec6db.jpg
475,9211a92ae8a7d4c0,e10259b8647de428,unreviewed,,0.6642,2.0,Kaggle_data/train/Banarasi/images71_jpg.rf.0f5727bd140ee608535d8232110f44da.jpg,Kaggle_data/train/Ikat/fsi2450401d_grande_jpg.rf.611173ba787e1274bdf1cac9550656c3.jpg
476,618c8c2355183211,d9b563762a8b9b08,unreviewed,,0.6637,1.019,Kaggle_data/test/Banarasi/images88_jpg.rf.1e3b94d6a82ce5e2a34f6651961a7385.jpg,Kaggle_data/valid/Banarasi/image27_jpeg.rf.4a6a343b13322af1fe1209da18514265.jpg
477,34d721177e0c564e,8020c9668347e404,unreviewed,,0.6625,1.129,Kaggle_data/train/Pichwai/0fd2df9315d8aba5cf9471c838a639aa_jpg.rf.e6ff0ed6e82000e63e9c895855b5a894.jpg,Kaggle_data/train/Pichwai/206beb9f71a2627f3001189b105e68ec_jpg.rf.60e7435db8cd7da69594df9b465c6797.jpg
478,1ff8c36c187a7a04,1b7290d873df7564,unreviewed,,0.6624,1.615,Kaggle_data/test/Pichwai/image_6f256316-f947-4d17-b801-041b0d9f7d08_jpg.rf.c63c317ab1044ba82eb31b42d1fe15e2.jpg,Kaggle_data/test/Pichwai/TussarSilkDigitalPrint_1_jpg.rf.47e929d613bce1351222a1d023411231.jpg
479,14552eb70094308f,0f55b92a00b98947,unreviewed,,0.6615,1.955,Kaggle_data/train/Banarasi/images27_jpg.rf.03d463e5808a105fa31dfa05b0dc81f9.jpg,Kaggle_data/train/Bandhani/images10_jpg.rf.0dfe8f2fa97adaebf5736bd72a4c2ea9.jpg
480,61628a71b3692fa2,0f55b92a00b98947,unreviewed,,0.6607,2.0,Kaggle_data/train/Banarasi/images63_jpg.rf.50d01106355b39a46c8edfca08c80d26.jpg,Kaggle_data/train/Bandhani/images10_jpg.rf.0dfe8f2fa97adaebf5736bd72a4c2ea9.jpg
481,49797ba5d5b290ae,07d2fbec099f4d7c,unreviewed,,0.6603,1.298,Kaggle_data/train/Pichwai/image22_jpeg.rf.75231a3d90dcd118fe05a6b275bd37a1.jpg,Kaggle_data/train/Pichwai/PICHWAI-100006-03_jpg.rf.44c819e1428df6135fe761b2d132bce4.jpg
482,bc252e3872e7b053,7ecce5270fafa561,unreviewed,,0.6593,1.21,Kaggle_data/train/Bandhani/black-digital-printed-cotton-bandhani-design-fabric-1-mtr-306022_jpg.rf.cc959a77b758390a5273e48aea05ded5.jpg,Kaggle_data/valid/Bandhani/images3_jpg.rf.d1a7c970fcbf5ba877d0e55aa801f958.jpg
483,b066c49284788780,b8318464ca1a0b8e,unreviewed,,0.6593,1.991,Kaggle_data/train/Banarasi/images69_jpg.rf.8d136f5e89ee0ed718cae5610c402558.jpg,Kaggle_data/train/Bandhani/sf30180a_jpg.rf.2a2b890dd8ec50826803949b4ea585d2.jpg
484,0a8ce81bac1373ef,446812c6513d4d17,unreviewed,,0.6586,1.519,Kaggle_data/train/Banarasi/images5_jpg.rf.84059d95c347f08815b5cce4bf41adf8.jpg,Kaggle_data/train/Bandhani/indian-saree-texture-bandhani-print-600nw-1988687258_jpg.rf.1a796e9a88306f9616aafb4f41320e8a.jpg
485,9934da9269ed2b9a,a0087de7ef1ef048,unreviewed,,0.6585,1.909,Kaggle_data/train/Banarasi/images11_jpg.rf.5ca78cbaeb1e3f8aa1353874882a9e20.jpg,Kaggle_data/train/Ikat/81wSwI-oXkL-_AC_UY1100__jpg.rf.5ead837748d0b3b1ff6b4c3e4e98551e.jpg
486,ad5dd639e7934ae3,e0f6ea862fd6d16b,unreviewed,,0.6584,2.0,Kaggle_data/test/Bandhani/IMG_20231119_154540_699_jpg.rf.d35040c7899e22c1390c3dc7b1c87d33.jpg,Kaggle_data/valid/Bandhani/3369331327_jpg.rf.2cfc4e986a41ef45113d9c059674ce75.jpg
487,8ca06d25122f0206,f454843f707ea116,unreviewed,,0.6583,1.703,Kaggle_data/train/Pichwai/image27_jpeg.rf.2c939df935dc7c14a019d29689113da4.jpg,Kaggle_data/valid/Pichwai/SSC28_jpg.rf.0255f5bf0749cfe5fcbe0514c837001a.jpg
488,e15b7c74ed7a5bae,a56c83609c030668,unreviewed,,0.6578,1.869,Kaggle_data/train/Pichwai/PICHWAI-100011-03_jpg.rf.f378c415caa0b7217367244b17883c5c.jpg,Kaggle_data/valid/Pichwai/-wall-decor-blue-6-inch-product-images-orvhtikoavh-p604001006-2-202308211414_jpg.rf.d1e70fa5bad42818fcea663eb75a7c31.jpg
489,e15b7c74ed7a5bae,5e0981831c281d58,unreviewed,,0.6576,1.053,Kaggle_data/train/Pichwai/PICHWAI-100011-03_jpg.rf.f378c415caa0b7217367244b17883c5c.jpg,Kaggle_data/train/Pichwai/whatsapp-image-2023-09-19-at-10-28-51-pm-6-500x500_jpeg.rf.552fd5421b21288407f36bf79fdf17b8.jpg
490,0b4732fc02674465,e15b7c74ed7a5bae,unreviewed,,0.6575,1.32,Kaggle_data/train/Pichwai/8B26166D-3439-416C-BC5D-1B3CBB6395E1_jpg.rf.bafbc8b660ae555dc51515f10ca4cca4.jpg,Kaggle_data/train/Pichwai/PICHWAI-100011-03_jpg.rf.f378c415caa0b7217367244b17883c5c.jpg
491,782f2dff39e54886,32bae98dc4b430fa,unreviewed,,0.6574,0.942,Kaggle_data/train/Ikat/F88AC223-FA52-42A5-8A04-20DE2571C66C_1_201_a_300x300_jpg.rf.14ff64d24083c215299a9249fb091421.jpg,Kaggle_data/valid/Ikat/images33_jpg.rf.4f0a0a90ee7f0ee1d1d3d8f81a1b6ac4.jpg
492,45de157f97de3155,2a54a77b0f7a4641,unreviewed,,0.6567,0.893,Kaggle_data/test/Banarasi/image23_jpeg.rf.b65df2ec23b777df1179b97bc2103ac4.jpg,Kaggle_data/train/Banarasi/images_jpg.rf.5aa9b050a4b7a54bcb01217cbf66bab1.jpg
493,b5885f5b4e11a807,dd1bb6403061ca0c,unreviewed,,0.6566,1.741,Kaggle_data/train/Banarasi/images161_jpg.rf.9fb70ce883536dc81f1c4675b1644bf7.jpg,Kaggle_data/valid/Banarasi/image3_jpeg.rf.8f97d571ccb49620cbb8aa99aff96631.jpg
494,9934da9269ed2b9a,a5f6a67dba4a5b1a,unreviewed,,0.6564,1.997,Kaggle_data/train/Banarasi/images11_jpg.rf.5ca78cbaeb1e3f8aa1353874882a9e20.jpg,Kaggle_data/train/Ikat/1TTXGENAP06537_1_jpg.rf.2b353682200ba3ec06b5e1fae1623639.jpg
495,8020c9668347e404,208746da1288ba99,unreviewed,,0.6556,1.377,Kaggle_data/train/Pichwai/206beb9f71a2627f3001189b105e68ec_jpg.rf.60e7435db8cd7da69594df9b465c6797.jpg,Kaggle_data/valid/Pichwai/image21_jpeg.rf.18a19e0529f7a2ed165958a1dc5fafa1.jpg
496,1b7290d873df7564,d8b8fed421dbe547,unreviewed,,0.6555,1.579,Kaggle_data/test/Pichwai/TussarSilkDigitalPrint_1_jpg.rf.47e929d613bce1351222a1d023411231.jpg,Kaggle_data/train/Pichwai/images11_jpg.rf.6d637fa94327f70915bb6ae883db4910.jpg
497,803d52b918b6d6ce,bd2aa397870736a9,unreviewed,,0.6554,1.778,Kaggle_data/test/Bandhani/B-09766_jpg.rf.bf4302dbb46f049f7364334bcf7d1c3c.jpg,Kaggle_data/test/Bandhani/IMG_20231119_154540_630_jpg.rf.7b624fb383324fb4f24fa66b89bae082.jpg
498,8f6a1741bd41cebd,00135eb1c9551ef2,unreviewed,,0.6554,1.779,Kaggle_data/train/Banarasi/images104_jpg.rf.fcefd663b16eaf873055a0a287ca1fa4.jpg,Kaggle_data/train/Banarasi/images47_jpg.rf.300c2deb65bcaf51a1361b3ed31d1ea5.jpg
499,e10259b8647de428,b0575ddca8af101c,unreviewed,,0.654,1.998,Kaggle_data/train/Ikat/fsi2450401d_grande_jpg.rf.611173ba787e1274bdf1cac9550656c3.jpg,Kaggle_data/train/Ikat/image24_jpeg.rf.b815d8f4bd72fcb0bc6e9c874deaf933.jpg
500,607eae9e7f789e97,26c068bd1199aeab,unreviewed,,0.6539,1.283,Kaggle_data/train/Pichwai/91iBR3xJlKL_jpg.rf.075962235bd386387118522dbefbdbe8.jpg,Kaggle_data/train/Pichwai/pichwai-painting-500x500_jpg.rf.4b41397f51263153c8fc3707d93f1a28.jpg
501,803d52b918b6d6ce,ad5dd639e7934ae3,unreviewed,,0.6532,1.51,Kaggle_data/test/Bandhani/B-09766_jpg.rf.bf4302dbb46f049f7364334bcf7d1c3c.jpg,Kaggle_data/test/Bandhani/IMG_20231119_154540_699_jpg.rf.d35040c7899e22c1390c3dc7b1c87d33.jpg
502,45de157f97de3155,5e66ae0739a21b25,unreviewed,,0.6527,1.414,Kaggle_data/test/Banarasi/image23_jpeg.rf.b65df2ec23b777df1179b97bc2103ac4.jpg,Kaggle_data/train/Banarasi/images102_jpg.rf.64d528cd11388183db6d78e77c939bb7.jpg
503,aebafc968e1d9a56,bd8f8e6a60e32aef,unreviewed,,0.6518,2.0,Kaggle_data/train/Ikat/91Id57ZGPQL-_AC_UY1100__jpg.rf.c3932c2a3b48be2beb5ef5695b451a7a.jpg,Kaggle_data/train/Ikat/IKKA370-F-1002848_1_fcea21f3-78f1-4c50-96f4-75308e5d4d93_jpg.rf.c2e51ffe8cfea8bd9802181cc02c659e.jpg
504,e71938832e528cc9,803883bd2d7facc2,unreviewed,,0.6517,1.821,Kaggle_data/train/Bandhani/9474F6_1_600x_jpg.rf.607a1a359ac338f961b4a345685827e5.jpg,Kaggle_data/train/Bandhani/bandhani-print-georgette-fabric_jpg.rf.6c7aef7daf9291e0b3bd2cd49d623801.jpg
505,3839db75a0830b32,738f096d384a127e,unreviewed,,0.6494,1.944,Kaggle_data/train/Bandhani/dsc_9386_jpg.rf.0a2f7122e75d563036a1be1f0c44ed12.jpg,Kaggle_data/train/Bandhani/image19_jpeg.rf.b618cdb66ec0065725b2d4132002420d.jpg
506,93c57e81636dc381,cd6cea0c406cea6a,unreviewed,,0.6488,1.322,Kaggle_data/train/Banarasi/images50_jpg.rf.4194f9039be82e91a02591374c187879.jpg,Kaggle_data/train/Banarasi/images75_jpg.rf.7d37f1aae5ef6ed78bcc3622b7ef1242.jpg
507,aebafc968e1d9a56,89d0f71bd1f4974b,unreviewed,,0.6488,1.999,Kaggle_data/train/Ikat/91Id57ZGPQL-_AC_UY1100__jpg.rf.c3932c2a3b48be2beb5ef5695b451a7a.jpg,Kaggle_data/train/Ikat/pochampally-ikkat-sico-red-color-fabric-pochampallysarees-com_jpg.rf.01445aab1f532d46732bbe2171629c56.jpg
508,cb8bf7f03172f062,5933d843a51b7bea,unreviewed,,0.6488,0.665,Kaggle_data/train/Banarasi/images116_jpg.rf.96e12bb5b9456789305fb6976e602997.jpg,Kaggle_data/train/Banarasi/images147_jpg.rf.f1aa60cd4f5824075b849319f413cd24.jpg
509,b8318464ca1a0b8e,4cb3782daa8da816,unreviewed,,0.6482,2.0,Kaggle_data/train/Bandhani/sf30180a_jpg.rf.2a2b890dd8ec50826803949b4ea585d2.jpg,Kaggle_data/valid/Bandhani/BH-1_a__result_jpg.rf.6b5778db028637783a47c272aaffd742.jpg
510,23b7db23a6821842,d78783cb7cb8ef00,unreviewed,,0.6482,0.76,Kaggle_data/train/Ikat/free-size-skin-friendly-multi-color-handloom-pochampally-ikkat-cotton-printed-dress-fabric-628_jpg.rf.1ef81c2fad98783201ff84f76800cf06.jpg,Kaggle_data/train/Ikat/image29_jpeg.rf.13d912b97beddf7f665c57a881cbcf42.jpg
511,b19a8ddf30e0edba,94c58efed636e4e2,unreviewed,,0.6465,1.22,Kaggle_data/train/Pichwai/image25_jpeg.rf.4a5d601d89f9cab535034cd244af7307.jpg,Kaggle_data/train/Pichwai/images10_jpg.rf.f6ea51319d1fc403faa1396d53ac8442.jpg
512,a5f6a67dba4a5b1a,bd8f8e6a60e32aef,unreviewed,,0.646,2.0,Kaggle_data/train/Ikat/1TTXGENAP06537_1_jpg.rf.2b353682200ba3ec06b5e1fae1623639.jpg,Kaggle_data/train/Ikat/IKKA370-F-1002848_1_fcea21f3-78f1-4c50-96f4-75308e5d4d93_jpg.rf.c2e51ffe8cfea8bd9802181cc02c659e.jpg
513,aff13fa21d874c15,b1a9a5205f046454,unreviewed,,0.6458,1.885,Kaggle_data/test/Pichwai/PINK-AND-BLUE-PICHWAI-STRIPED-PRINT_58ac5c1d-9633-448d-bda9-e23812e4c35e_jpg.rf.3e2762f066b8e536154ab1252a896b96.jpg,Kaggle_data/train/Pichwai/WhatsAppImage2022-07-11at6-03-03PM_jpg.rf.bda70f39ebf0829458a30f68904a2731.jpg
514,318f96ef31b9f54a,00135eb1c9551ef2,unreviewed,,0.6453,1.806,Kaggle_data/test/Bandhani/O-01438_jpg.rf.4326e09d3dd9ef231fae57c8a6e6a0c0.jpg,Kaggle_data/train/Banarasi/images47_jpg.rf.300c2deb65bcaf51a1361b3ed31d1ea5.jpg
515,ed75156b587d9e53,3eb0d3b60589220b,unreviewed,,0.645,1.399,Kaggle_data/train/Banarasi/images103_jpg.rf.51f7a11eec23c0049b75e5962292ef26.jpg,Kaggle_data/valid/Banarasi/images167_jpg.rf.5ce0cd0c83a0d1344a1900b32a42dd41.jpg
516,372a787828b13f67,8e9accf23b09186b,unreviewed,,0.6449,2.0,Kaggle_data/train/Ikat/images_jpg.rf.6984147bd97ae08da2c3e176a93853bf.jpg,Kaggle_data/train/Pichwai/images3_jpg.rf.e7dac320ad95af2944a07ffafefa863d.jpg
517,b0575ddca8af101c,709a20b6f20aaaab,unreviewed,,0.6442,2.0,Kaggle_data/train/Ikat/image24_jpeg.rf.b815d8f4bd72fcb0bc6e9c874deaf933.jpg,Kaggle_data/valid/Banarasi/images12_jpg.rf.cc5738194c977dc13aea5388b43a5b61.jpg
518,add3e93e947488d3,ed75156b587d9e53,unreviewed,,0.6441,1.992,Kaggle_data/train/Banarasi/image21_jpeg.rf.4a8d6ac5e7744004fedabd8d63f4e19e.jpg,Kaggle_data/train/Banarasi/images103_jpg.rf.51f7a11eec23c0049b75e5962292ef26.jpg
519,89ae826ed2b85de9,c796fdf2ef3999b1,unreviewed,,0.644,1.319,Kaggle_data/train/Banarasi/images33_jpg.rf.23b904d721b487ad0b621bb11bb9e02f.jpg,Kaggle_data/valid/Banarasi/images154_jpg.rf.b674514d7e50547d165575196b3a0bf8.jpg
520,5e66ae0739a21b25,d9b563762a8b9b08,unreviewed,,0.6432,0.88,Kaggle_data/train/Banarasi/images102_jpg.rf.64d528cd11388183db6d78e77c939bb7.jpg,Kaggle_data/valid/Banarasi/image27_jpeg.rf.4a6a343b13322af1fe1209da18514265.jpg
521,a5f6a67dba4a5b1a,44f1e624a2aedd3c,unreviewed,,0.6426,1.869,Kaggle_data/train/Ikat/1TTXGENAP06537_1_jpg.rf.2b353682200ba3ec06b5e1fae1623639.jpg,Kaggle_data/train/Ikat/img-20190422-wa0023_jpg.rf.25d88af624ecbc3c7d2add1cec3e187a.jpg
522,2a54a77b0f7a4641,3839db75a0830b32,unreviewed,,0.6425,0.87,Kaggle_data/train/Banarasi/images_jpg.rf.5aa9b050a4b7a54bcb01217cbf66bab1.jpg,Kaggle_data/train/Bandhani/dsc_9386_jpg.rf.0a2f7122e75d563036a1be1f0c44ed12.jpg
523,cb8bf7f03172f062,61628a71b3692fa2,unreviewed,,0.6421,1.994,Kaggle_data/train/Banarasi/images116_jpg.rf.96e12bb5b9456789305fb6976e602997.jpg,Kaggle_data/train/Banarasi/images63_jpg.rf.50d01106355b39a46c8edfca08c80d26.jpg
524,7ecce5270fafa561,184d6709f4142f26,unreviewed,,0.6417,1.37,Kaggle_data/valid/Bandhani/images3_jpg.rf.d1a7c970fcbf5ba877d0e55aa801f958.jpg,Kaggle_data/valid/Bandhani/raw-silk-bandhani-print-fabric-red-m-foks-1_webp.rf.11e65c45126600241fd51bea388c3f9c.jpg
525,b0575ddca8af101c,372a787828b13f67,unreviewed,,0.6416,1.983,Kaggle_data/train/Ikat/image24_jpeg.rf.b815d8f4bd72fcb0bc6e9c874deaf933.jpg,Kaggle_data/train/Ikat/images_jpg.rf.6984147bd97ae08da2c3e176a93853bf.jpg
526,add3e93e947488d3,4822240c8b7d982e,unreviewed,,0.6409,1.995,Kaggle_data/train/Banarasi/image21_jpeg.rf.4a8d6ac5e7744004fedabd8d63f4e19e.jpg,Kaggle_data/train/Bandhani/DSC04494_a90fd9e0-4df2-4f60-a0e3-99ae969924fe_jpg.rf.f78512b5652d4700e5744af08698c859.jpg
527,5aac80aad07fa02c,aa4be42439cdee6f,unreviewed,,0.6405,1.979,Kaggle_data/test/Bandhani/red-bandhani-pure-gajji-silk-fabric-1-mtr-429285_jpg.rf.a746a2f9b1262c60f5830ff0a9527e3f.jpg,Kaggle_data/train/Bandhani/sfd06_jpg.rf.b1d9aae2881c4122c0c0c332af5d8b4f.jpg
528,00135eb1c9551ef2,dc4004f1115455a4,unreviewed,,0.6399,2.0,Kaggle_data/train/Banarasi/images47_jpg.rf.300c2deb65bcaf51a1361b3ed31d1ea5.jpg,Kaggle_data/train/Ikat/images6_jpg.rf.dfdb26954379a6505ccaa8cda39f56ff.jpg
529,1650c3f48b8e6a90,3839db75a0830b32,unreviewed,,0.6394,1.151,Kaggle_data/train/Banarasi/images22_jpg.rf.056a47dfc381a9ee20624c888577bcbc.jpg,Kaggle_data/train/Bandhani/dsc_9386_jpg.rf.0a2f7122e75d563036a1be1f0c44ed12.jpg
530,a908a80640a64a91,208746da1288ba99,unreviewed,,0.6394,1.491,Kaggle_data/train/Pichwai/20240507_114001_5bf43237-dd0b-475c-aac1-00592d812869_jpg.rf.d244246e2aab62127e61e0bb15b7f89f.jpg,Kaggle_data/valid/Pichwai/image21_jpeg.rf.18a19e0529f7a2ed165958a1dc5fafa1.jpg
531,72440d8514acd954,1d02545ae51c9657,unreviewed,,0.639,1.854,Kaggle_data/train/Pichwai/image13_jpeg.rf.c7c346ee6f26655ca0763fffbf6d4397.jpg,Kaggle_data/valid/Pichwai/PICHWAI-100014-03_jpg.rf.efd886ae868cd7ec93361a52c7c4fb24.jpg
532,ef11657f5e7fa884,c0c59f72590dd458,unreviewed,,0.6386,2.0,Kaggle_data/train/Ikat/1_VSNAPBM10058135_profile_jpg.rf.5729a125562d7c9a964e1bc0a3494046.jpg,Kaggle_data/train/Ikat/image21_jpeg.rf.787768ef8b962fa3606858085b51bbdb.jpg
533,8b5a7f7b172f9632,af012374a4b6bcd4,unreviewed,,0.6383,1.366,Kaggle_data/train/Pichwai/3ecbd3093e0a3c11364d2ae1efd37dbb_jpg.rf.0bd8e0a39bb6338ce7611b8a587cce69.jpg,Kaggle_data/train/Pichwai/images21_jpg.rf.965e184ff48402e14e645795620ca765.jpg
534,34d721177e0c564e,c2db77d4df1ce33b,unreviewed,,0.6381,1.132,Kaggle_data/train/Pichwai/0fd2df9315d8aba5cf9471c838a639aa_jpg.rf.e6ff0ed6e82000e63e9c895855b5a894.jpg,Kaggle_data/valid/Pichwai/WhatsAppImage2023-03-24at4-43-49PM_jpg.rf.49ca0a4cb83f5441b72a54498afec6db.jpg
535,c632fdf7f463b1f3,61628a71b3692fa2,unreviewed,,0.6373,1.847,Kaggle_data/train/Banarasi/image32_jpeg.rf.84588d92c46676b4ee39ac30662e4794.jpg,Kaggle_data/train/Banarasi/images63_jpg.rf.50d01106355b39a46c8edfca08c80d26.jpg
536,7ecce5270fafa561,4f2b1b8849443859,unreviewed,,0.6366,1.432,Kaggle_data/valid/Bandhani/images3_jpg.rf.d1a7c970fcbf5ba877d0e55aa801f958.jpg,Kaggle_data/valid/Bandhani/raw-silk-bandhani-print-fabric-red-m-foks-3_webp.rf.b3f5838ec2980a00df6f78a50634f143.jpg
537,446812c6513d4d17,76bf7f9cb0ea62fb,unreviewed,,0.6358,1.688,Kaggle_data/train/Bandhani/indian-saree-texture-bandhani-print-600nw-1988687258_jpg.rf.1a796e9a88306f9616aafb4f41320e8a.jpg,Kaggle_data/train/Ikat/image13_jpeg.rf.e1dd1317e78afe610a397ee1baa27a5f.jpg
538,b5885f5b4e11a807,9211a92ae8a7d4c0,unreviewed,,0.6358,1.943,Kaggle_data/train/Banarasi/images161_jpg.rf.9fb70ce883536dc81f1c4675b1644bf7.jpg,Kaggle_data/train/Banarasi/images71_jpg.rf.0f5727bd140ee608535d8232110f44da.jpg
539,5aac80aad07fa02c,4cb3782daa8da816,unreviewed,,0.6355,1.889,Kaggle_data/test/Bandhani/red-bandhani-pure-gajji-silk-fabric-1-mtr-429285_jpg.rf.a746a2f9b1262c60f5830ff0a9527e3f.jpg,Kaggle_data/valid/Bandhani/BH-1_a__result_jpg.rf.6b5778db028637783a47c272aaffd742.jpg
540,aebafc968e1d9a56,831c094a7b92b66e,unreviewed,,0.6345,2.0,Kaggle_data/train/Ikat/91Id57ZGPQL-_AC_UY1100__jpg.rf.c3932c2a3b48be2beb5ef5695b451a7a.jpg,Kaggle_data/train/Ikat/ikkat-silk-fabric-light-pink-color-pochampallysarees-com_jpg.rf.8bd9dcd7bd122e8970eb9e6f1e249970.jpg
541,22f1162701da5d7c,9f89504e94b31ea8,unreviewed,,0.6338,1.149,Kaggle_data/train/Pichwai/images9_jpg.rf.a1dc64ac7ffffb404cec481fd15f9413.jpg,Kaggle_data/train/Pichwai/WhatsAppImage2022-07-29at11-41-25AM_2_jpg.rf.0ba70bd45bbb310892de1fbfe5daee18.jpg
542,add3e93e947488d3,220e21a4eb00e2e6,unreviewed,,0.6337,1.62,Kaggle_data/train/Banarasi/image21_jpeg.rf.4a8d6ac5e7744004fedabd8d63f4e19e.jpg,Kaggle_data/train/Banarasi/images45_jpg.rf.fc4daf14689fb0b89e20e0094858f007.jpg
543,aebafc968e1d9a56,093328e925573bf7,unreviewed,,0.6333,1.629,Kaggle_data/train/Ikat/91Id57ZGPQL-_AC_UY1100__jpg.rf.c3932c2a3b48be2beb5ef5695b451a7a.jpg,Kaggle_data/valid/Ikat/images12_jpg.rf.587d1b7c883bcd6e50dfaabe171b62b7.jpg
544,890ac9d89913b921,49797ba5d5b290ae,unreviewed,,0.633,1.446,Kaggle_data/train/Pichwai/image10_jpeg.rf.754ea6386f161496380068c62c256672.jpg,Kaggle_data/train/Pichwai/image22_jpeg.rf.75231a3d90dcd118fe05a6b275bd37a1.jpg
545,ebcefcfbca483e83,23b7db23a6821842,unreviewed,,0.6328,1.075,Kaggle_data/train/Bandhani/745aed2f18112fccd9dd90962d9241c5_jpg.rf.f2d5ba6049aed828ecb98e31b9fa86be.jpg,Kaggle_data/train/Ikat/free-size-skin-friendly-multi-color-handloom-pochampally-ikkat-cotton-printed-dress-fabric-628_jpg.rf.1ef81c2fad98783201ff84f76800cf06.jpg
546,44f1e624a2aedd3c,61c8f4c45c884c94,unreviewed,,0.6328,1.473,Kaggle_data/train/Ikat/img-20190422-wa0023_jpg.rf.25d88af624ecbc3c7d2add1cec3e187a.jpg,Kaggle_data/train/Ikat/pink-pochampally-ikkat-fabric-2-500x500_jpg.rf.2afcc071bbbd584f3e75d21f243c776d.jpg
547,44480df237811c28,208746da1288ba99,unreviewed,,0.6322,1.768,Kaggle_data/train/Pichwai/Pichwai20Patterns20_jpg.rf.ef4d01f2b458822b4c08b24cfcc61c21.jpg,Kaggle_data/valid/Pichwai/image21_jpeg.rf.18a19e0529f7a2ed165958a1dc5fafa1.jpg
548,19286f9c965dbfac,c5d6cde409632741,unreviewed,,0.6317,1.961,Kaggle_data/train/Ikat/images18_jpg.rf.7d06286b6293a2eb41451effed90187b.jpg,Kaggle_data/train/Ikat/images24_jpg.rf.a1523e758f065537bb947d65244e1e4d.jpg
549,b8536e6880a34da3,e0f6ea862fd6d16b,unreviewed,,0.6308,1.955,Kaggle_data/train/Banarasi/images70_jpg.rf.ef41784b4ca083101823b4876f27f48a.jpg,Kaggle_data/valid/Bandhani/3369331327_jpg.rf.2cfc4e986a41ef45113d9c059674ce75.jpg
550,cba31dbdcae0ecc8,b1a9a5205f046454,unreviewed,,0.6304,1.264,Kaggle_data/train/Pichwai/images_jpg.rf.4be543c60dfccbb869c0ae165dae4701.jpg,Kaggle_data/train/Pichwai/WhatsAppImage2022-07-11at6-03-03PM_jpg.rf.bda70f39ebf0829458a30f68904a2731.jpg
551,e10259b8647de428,582735a4dc41b33a,unreviewed,,0.63,1.925,Kaggle_data/train/Ikat/fsi2450401d_grande_jpg.rf.611173ba787e1274bdf1cac9550656c3.jpg,Kaggle_data/train/Ikat/IKA-F-52_3_0e3ac7e1-f6a2-4555-81e9-ef2b15c6396a_jpg.rf.f189c00de86b889ced4abe563fd5e6a3.jpg
552,0b4732fc02674465,5e0981831c281d58,unreviewed,,0.6291,1.189,Kaggle_data/train/Pichwai/8B26166D-3439-416C-BC5D-1B3CBB6395E1_jpg.rf.bafbc8b660ae555dc51515f10ca4cca4.jpg,Kaggle_data/train/Pichwai/whatsapp-image-2023-09-19-at-10-28-51-pm-6-500x500_jpeg.rf.552fd5421b21288407f36bf79fdf17b8.jpg
553,b634cde359c3417e,02a62e7be13f4b97,unreviewed,,0.6289,2.0,Kaggle_data/train/Ikat/55f7c953-8e93-443f-a636-9f8bd6df313f_jpg.rf.9ef4b60847e74ca43aa030e50b117b70.jpg,Kaggle_data/valid/Ikat/images31_jpg.rf.cc41d2af1c2551646cc984cff771d9bc.jpg
554,924395959b6404d1,4708cbe5e756e723,unreviewed,,0.6282,1.296,Kaggle_data/train/Pichwai/20230304_152947_clipped_rev_1_1024x_jpg.rf.3225331836fc17e6ec5480a02525ec92.jpg,Kaggle_data/train/Pichwai/image3_jpeg.rf.c3d9f223a56316f92252bd1787ec371d.jpg
555,ef11657f5e7fa884,9eca45dabaf983dd,unreviewed,,0.6273,1.91,Kaggle_data/train/Ikat/1_VSNAPBM10058135_profile_jpg.rf.5729a125562d7c9a964e1bc0a3494046.jpg,Kaggle_data/valid/Ikat/images16_jpg.rf.b1559f6bd09134db8387e05bcf7194fc.jpg
556,0adf6088056505c2,93c57e81636dc381,unreviewed,,0.6273,1.667,Kaggle_data/test/Banarasi/images127_jpg.rf.58275150b0d3a9f0bee9d548ae0888e4.jpg,Kaggle_data/train/Banarasi/images50_jpg.rf.4194f9039be82e91a02591374c187879.jpg
557,607eae9e7f789e97,cd8b6861c95ccda9,unreviewed,,0.6268,1.626,Kaggle_data/train/Pichwai/91iBR3xJlKL_jpg.rf.075962235bd386387118522dbefbdbe8.jpg,Kaggle_data/train/Pichwai/image8_jpeg.rf.79711cf6d22b29624d1790f5db612d7e.jpg
558,ae663ac3ae92667b,4cb3782daa8da816,unreviewed,,0.6265,1.894,Kaggle_data/train/Bandhani/image13_jpeg.rf.c1368264f30a9336a7d575da1a083a5d.jpg,Kaggle_data/valid/Bandhani/BH-1_a__result_jpg.rf.6b5778db028637783a47c272aaffd742.jpg
559,8e8868d3c9d38c67,22f1162701da5d7c,unreviewed,,0.6262,0.748,Kaggle_data/train/Pichwai/image19_jpeg.rf.d0d4ca2c58e3abc7c42ece173264e8e3.jpg,Kaggle_data/train/Pichwai/images9_jpg.rf.a1dc64ac7ffffb404cec481fd15f9413.jpg
560,a0087de7ef1ef048,831c094a7b92b66e,unreviewed,,0.6257,2.0,Kaggle_data/train/Ikat/81wSwI-oXkL-_AC_UY1100__jpg.rf.5ead837748d0b3b1ff6b4c3e4e98551e.jpg,Kaggle_data/train/Ikat/ikkat-silk-fabric-light-pink-color-pochampallysarees-com_jpg.rf.8bd9dcd7bd122e8970eb9e6f1e249970.jpg
561,5933d843a51b7bea,9211a92ae8a7d4c0,unreviewed,,0.6255,1.496,Kaggle_data/train/Banarasi/images147_jpg.rf.f1aa60cd4f5824075b849319f413cd24.jpg,Kaggle_data/train/Banarasi/images71_jpg.rf.0f5727bd140ee608535d8232110f44da.jpg
562,a66779a53c505208,76bf7f9cb0ea62fb,unreviewed,,0.6251,1.232,Kaggle_data/train/Ikat/Ikkat_Cotton_Fabric_material-ICFM001_jpg.rf.c0ff72507001a8d5516bd65fedf46b18.jpg,Kaggle_data/train/Ikat/image13_jpeg.rf.e1dd1317e78afe610a397ee1baa27a5f.jpg
563,a1d79a157fd1a614,e5030f11729ee093,unreviewed,,0.624,1.584,Kaggle_data/train/Ikat/GCTVTCOFBA0188_3_1800x1800_jpg.rf.c43c4861741e8395c3e39ccb0845ff84.jpg,Kaggle_data/valid/Ikat/dbf866c3-638b-495e-ab8e-284c2ef73587_jpg.rf.f6ab788fd3d1110add17205d89f3fc9d.jpg
564,e07331c3b735512b,319143c65af6f91a,unreviewed,,0.6233,0.91,Kaggle_data/test/Pichwai/il_570xN-5372611899_fdxt_jpg.rf.81850fde0c7e27df116381031df71497.jpg,Kaggle_data/train/Pichwai/image29_jpeg.rf.09aea972b709752a97308ccef9d6dd81.jpg
565,220e21a4eb00e2e6,738f096d384a127e,unreviewed,,0.6228,1.951,Kaggle_data/train/Banarasi/images45_jpg.rf.fc4daf14689fb0b89e20e0094858f007.jpg,Kaggle_data/train/Bandhani/image19_jpeg.rf.b618cdb66ec0065725b2d4132002420d.jpg
566,a1d79a157fd1a614,dd77aad836500e27,unreviewed,,0.6222,1.973,Kaggle_data/train/Ikat/GCTVTCOFBA0188_3_1800x1800_jpg.rf.c43c4861741e8395c3e39ccb0845ff84.jpg,Kaggle_data/train/Ikat/Ikkat_Cotton_Fabric_material-ICFM0014_jpg.rf.60071762030859aa9d9e56cc9907c391.jpg
567,34973d79118ed889,68ff6f593ce77657,unreviewed,,0.6218,1.891,Kaggle_data/train/Bandhani/100236239c-640x640_jpg.rf.5c1fcd6bdca5c6e527e0e772763d5b2a.jpg,Kaggle_data/train/Bandhani/images2_jpg.rf.44ebc07dbb84a4fa7f8bf4322f7a72e7.jpg
568,34d721177e0c564e,71bfe1f01c2dde9a,unreviewed,,0.6217,1.104,Kaggle_data/train/Pichwai/0fd2df9315d8aba5cf9471c838a639aa_jpg.rf.e6ff0ed6e82000e63e9c895855b5a894.jpg,Kaggle_data/train/Pichwai/IMG-20210709-WA0017_grande_jpg.rf.e8f2c6db14c4c8f64d52ed9351839a73.jpg
569,5a6e7e6501d21d8d,ba0c0e3556fb06a2,unreviewed,,0.6215,1.327,Kaggle_data/train/Banarasi/images58_jpg.rf.22eebdc8a76412c7eaa6f1aeaa64b41a.jpg,Kaggle_data/valid/Banarasi/images29_jpg.rf.5eddd70104f847e7469df48943649f6e.jpg
570,1b7290d873df7564,af012374a4b6bcd4,unreviewed,,0.621,1.012,Kaggle_data/test/Pichwai/TussarSilkDigitalPrint_1_jpg.rf.47e929d613bce1351222a1d023411231.jpg,Kaggle_data/train/Pichwai/images21_jpg.rf.965e184ff48402e14e645795620ca765.jpg
571,831c094a7b92b66e,89d0f71bd1f4974b,unreviewed,,0.62,1.738,Kaggle_data/train/Ikat/ikkat-silk-fabric-light-pink-color-pochampallysarees-com_jpg.rf.8bd9dcd7bd122e8970eb9e6f1e249970.jpg,Kaggle_data/train/Ikat/pochampally-ikkat-sico-red-color-fabric-pochampallysarees-com_jpg.rf.01445aab1f532d46732bbe2171629c56.jpg
572,2a54a77b0f7a4641,ac1fa0df8059a69c,unreviewed,,0.6199,1.26,Kaggle_data/train/Banarasi/images_jpg.rf.5aa9b050a4b7a54bcb01217cbf66bab1.jpg,Kaggle_data/train/Bandhani/kutch-bandhani-dress-materialbandhej-dress-810x456_large_jpg.rf.dfb199e032f3e857ea27ffe72e0ebb08.jpg
573,0b4732fc02674465,890ac9d89913b921,unreviewed,,0.6194,1.388,Kaggle_data/train/Pichwai/8B26166D-3439-416C-BC5D-1B3CBB6395E1_jpg.rf.bafbc8b660ae555dc51515f10ca4cca4.jpg,Kaggle_data/train/Pichwai/image10_jpeg.rf.754ea6386f161496380068c62c256672.jpg
574,d9b563762a8b9b08,dfeed6380fae8633,unreviewed,,0.6192,1.772,Kaggle_data/valid/Banarasi/image27_jpeg.rf.4a6a343b13322af1fe1209da18514265.jpg,Kaggle_data/valid/Banarasi/images79_jpg.rf.c7f929ae0bb918bb862314258c21b0c9.jpg
575,affb2c8ec738f752,e15b7c74ed7a5bae,unreviewed,,0.619,1.205,Kaggle_data/test/Pichwai/image_jpeg.rf.49028afa3604f5d282392217654617c6.jpg,Kaggle_data/train/Pichwai/PICHWAI-100011-03_jpg.rf.f378c415caa0b7217367244b17883c5c.jpg
576,b5885f5b4e11a807,831c094a7b92b66e,unreviewed,,0.6182,1.999,Kaggle_data/train/Banarasi/images161_jpg.rf.9fb70ce883536dc81f1c4675b1644bf7.jpg,Kaggle_data/train/Ikat/ikkat-silk-fabric-light-pink-color-pochampallysarees-com_jpg.rf.8bd9dcd7bd122e8970eb9e6f1e249970.jpg
577,b38978795ba74e62,8020979c0db3cb79,unreviewed,,0.6179,0.974,Kaggle_data/test/Banarasi/images139_jpg.rf.40a5b3b2fd46777a7a4784a747e83e87.jpg,Kaggle_data/train/Bandhani/IMG_20231007_145508_3f1030ad-6233-479b-96b5-d3a5edf8b95e_jpg.rf.fa511f0dd61c24bae3e4f3ca6671e09a.jpg
578,71bfe1f01c2dde9a,26c068bd1199aeab,unreviewed,,0.616,1.027,Kaggle_data/train/Pichwai/IMG-20210709-WA0017_grande_jpg.rf.e8f2c6db14c4c8f64d52ed9351839a73.jpg,Kaggle_data/train/Pichwai/pichwai-painting-500x500_jpg.rf.4b41397f51263153c8fc3707d93f1a28.jpg
579,9934da9269ed2b9a,34973d79118ed889,unreviewed,,0.6158,1.273,Kaggle_data/train/Banarasi/images11_jpg.rf.5ca78cbaeb1e3f8aa1353874882a9e20.jpg,Kaggle_data/train/Bandhani/100236239c-640x640_jpg.rf.5c1fcd6bdca5c6e527e0e772763d5b2a.jpg
580,a1d79a157fd1a614,759484586535c01a,unreviewed,,0.6153,1.935,Kaggle_data/train/Ikat/GCTVTCOFBA0188_3_1800x1800_jpg.rf.c43c4861741e8395c3e39ccb0845ff84.jpg,Kaggle_data/train/Ikat/image19_jpeg.rf.0edf67e6afe4c4528d1dc1cc522f1179.jpg
581,dc4004f1115455a4,b19a8ddf30e0edba,unreviewed,,0.6142,1.767,Kaggle_data/train/Ikat/images6_jpg.rf.dfdb26954379a6505ccaa8cda39f56ff.jpg,Kaggle_data/train/Pichwai/image25_jpeg.rf.4a5d601d89f9cab535034cd244af7307.jpg
582,b19a8ddf30e0edba,97fe088b97e872c8,unreviewed,,0.6139,1.748,Kaggle_data/train/Pichwai/image25_jpeg.rf.4a5d601d89f9cab535034cd244af7307.jpg,Kaggle_data/train/Pichwai/images7_jpg.rf.41386dac0ae2aca0deeb7e4a5cb0125e.jpg
583,579aed680c0fa176,6e56daf33967f492,unreviewed,,0.6137,1.053,Kaggle_data/test/Bandhani/58-inch-bandhani-chiffon-print-fabric_jpg.rf.9c83779b83bf2875a556ec9139d9a7c8.jpg,Kaggle_data/train/Bandhani/bandhani-printed-rayon-fabric_jpg.rf.34b229445e66b4461b4870d42eb25e94.jpg
584,59cee7f0279d8151,cef237ea1e3ae61c,unreviewed,,0.6134,1.569,Kaggle_data/train/Bandhani/7f8e34e356d38bf95a64bf46fcc1288f_jpg.rf.6d195989a63c0a5eacaf16c3b38d257d.jpg,Kaggle_data/train/Bandhani/red-bandhani-cotton-silk-fabric-1-mtr-261793_jpg.rf.6b542f539695e3af2c55ffe398cfbceb.jpg
585,2292b8b364ff5048,3669c3b2383a4b1e,unreviewed,,0.6132,2.0,Kaggle_data/train/Bandhani/images11_jpg.rf.b02ec7a275b2bc56013ebecaeb5b244b.jpg,Kaggle_data/train/Bandhani/images13_jpg.rf.7bd15719a8bff563667de2fdbeeffaba.jpg
586,a14d4ba0556d030a,4f2b1b8849443859,unreviewed,,0.6128,0.947,Kaggle_data/train/Banarasi/images169_jpg.rf.55d29f572c8370b7b355d9e61ed039f3.jpg,Kaggle_data/valid/Bandhani/raw-silk-bandhani-print-fabric-red-m-foks-3_webp.rf.b3f5838ec2980a00df6f78a50634f143.jpg
587,f883ed73aedfcbf2,89d0f71bd1f4974b,unreviewed,,0.6113,1.996,Kaggle_data/train/Bandhani/georgette-bandhani-fabric-full_jpg.rf.291b8790ce98ebf75c1aa187041f0f1e.jpg,Kaggle_data/train/Ikat/pochampally-ikkat-sico-red-color-fabric-pochampallysarees-com_jpg.rf.01445aab1f532d46732bbe2171629c56.jpg
588,14552eb70094308f,93c57e81636dc381,unreviewed,,0.611,1.709,Kaggle_data/train/Banarasi/images27_jpg.rf.03d463e5808a105fa31dfa05b0dc81f9.jpg,Kaggle_data/train/Banarasi/images50_jpg.rf.4194f9039be82e91a02591374c187879.jpg
589,e07331c3b735512b,8020c9668347e404,unreviewed,,0.6108,0.828,Kaggle_data/test/Pichwai/il_570xN-5372611899_fdxt_jpg.rf.81850fde0c7e27df116381031df71497.jpg,Kaggle_data/train/Pichwai/206beb9f71a2627f3001189b105e68ec_jpg.rf.60e7435db8cd7da69594df9b465c6797.jpg
590,ce128300316226ac,3669c3b2383a4b1e,unreviewed,,0.6105,2.0,Kaggle_data/test/Banarasi/images150_jpg.rf.a17f2d73ed2735a5e73ee4a4336c6b51.jpg,Kaggle_data/train/Bandhani/images13_jpg.rf.7bd15719a8bff563667de2fdbeeffaba.jpg
591,6e56daf33967f492,204bd9ff5fd740eb,unreviewed,,0.6099,0.79,Kaggle_data/train/Bandhani/bandhani-printed-rayon-fabric_jpg.rf.34b229445e66b4461b4870d42eb25e94.jpg,Kaggle_data/train/Ikat/images23_jpg.rf.a60a37d45a60a075a99105dc5495ea70.jpg
592,bdbf7055c899f36a,44480df237811c28,unreviewed,,0.6099,1.486,Kaggle_data/train/Pichwai/9557ER2_4_grande_jpg.rf.144bb768e33944c8c246d6629121e69e.jpg,Kaggle_data/train/Pichwai/Pichwai20Patterns20_jpg.rf.ef4d01f2b458822b4c08b24cfcc61c21.jpg
593,5e66ae0739a21b25,dd1bb6403061ca0c,unreviewed,,0.6089,1.85,Kaggle_data/train/Banarasi/images102_jpg.rf.64d528cd11388183db6d78e77c939bb7.jpg,Kaggle_data/valid/Banarasi/image3_jpeg.rf.8f97d571ccb49620cbb8aa99aff96631.jpg
594,9934da9269ed2b9a,68ff6f593ce77657,unreviewed,,0.6088,1.82,Kaggle_data/train/Banarasi/images11_jpg.rf.5ca78cbaeb1e3f8aa1353874882a9e20.jpg,Kaggle_data/train/Bandhani/images2_jpg.rf.44ebc07dbb84a4fa7f8bf4322f7a72e7.jpg
595,c4ee6b96dafd68dd,3839db75a0830b32,unreviewed,,0.6088,1.372,Kaggle_data/train/Banarasi/images174_jpg.rf.6502b253ca2475ee963a94a8a469ca6b.jpg,Kaggle_data/train/Bandhani/dsc_9386_jpg.rf.0a2f7122e75d563036a1be1f0c44ed12.jpg
596,ce128300316226ac,4822240c8b7d982e,unreviewed,,0.6086,1.995,Kaggle_data/test/Banarasi/images150_jpg.rf.a17f2d73ed2735a5e73ee4a4336c6b51.jpg,Kaggle_data/train/Bandhani/DSC04494_a90fd9e0-4df2-4f60-a0e3-99ae969924fe_jpg.rf.f78512b5652d4700e5744af08698c859.jpg
597,26679a65ea7c414e,524e1db15c5b16d8,unreviewed,,0.6083,1.651,Kaggle_data/train/Banarasi/image15_jpeg.rf.ebf690a16bde6941a4fd0ac45c2e8889.jpg,Kaggle_data/valid/Pichwai/image31_jpeg.rf.1b76e255379b72458edeb7942a8c6301.jpg
598,d69c3d7009cdc274,4708cbe5e756e723,unreviewed,,0.6079,1.65,Kaggle_data/test/Pichwai/image6_jpeg.rf.120c25820894391f2e995a69ff8630ac.jpg,Kaggle_data/train/Pichwai/image3_jpeg.rf.c3d9f223a56316f92252bd1787ec371d.jpg
599,831c094a7b92b66e,093328e925573bf7,unreviewed,,0.6078,1.81,Kaggle_data/train/Ikat/ikkat-silk-fabric-light-pink-color-pochampallysarees-com_jpg.rf.8bd9dcd7bd122e8970eb9e6f1e249970.jpg,Kaggle_data/valid/Ikat/images12_jpg.rf.587d1b7c883bcd6e50dfaabe171b62b7.jpg
600,c4ee6b96dafd68dd,e0f6ea862fd6d16b,unreviewed,,0.6072,1.799,Kaggle_data/train/Banarasi/images174_jpg.rf.6502b253ca2475ee963a94a8a469ca6b.jpg,Kaggle_data/valid/Bandhani/3369331327_jpg.rf.2cfc4e986a41ef45113d9c059674ce75.jpg
601,1fc4f4bd13a8fcef,667a73e369cd236a,unreviewed,,0.6068,1.637,Kaggle_data/train/Bandhani/il_570xN-4871916995_9txv_jpg.rf.c54d26c9319407b7ab7be13ae0c6c527.jpg,Kaggle_data/valid/Bandhani/image21_jpeg.rf.603a0a8b191b9df7105e4cb01083f32b.jpg
602,803d52b918b6d6ce,36143cac34449749,unreviewed,,0.6063,1.788,Kaggle_data/test/Bandhani/B-09766_jpg.rf.bf4302dbb46f049f7364334bcf7d1c3c.jpg,Kaggle_data/train/Bandhani/image27_jpeg.rf.27d745cda837a8afe20c2e80236d77f6.jpg
603,9934da9269ed2b9a,44f1e624a2aedd3c,unreviewed,,0.6063,1.217,Kaggle_data/train/Banarasi/images11_jpg.rf.5ca78cbaeb1e3f8aa1353874882a9e20.jpg,Kaggle_data/train/Ikat/img-20190422-wa0023_jpg.rf.25d88af624ecbc3c7d2add1cec3e187a.jpg
604,38e256363a7314e2,d78783cb7cb8ef00,unreviewed,,0.6061,1.368,Kaggle_data/train/Bandhani/bandhani-print-rayon-fabric-full_jpg.rf.9b5fa1229ba56b09dfae0b2aae064be6.jpg,Kaggle_data/train/Ikat/image29_jpeg.rf.13d912b97beddf7f665c57a881cbcf42.jpg
605,c8df8fdeee4948e8,1b9535e0657d5308,unreviewed,,0.6061,1.683,Kaggle_data/train/Pichwai/images20_jpg.rf.0bae941146b0fbf319dd41a23ae9e0c9.jpg,Kaggle_data/train/Pichwai/images22_jpg.rf.e1d6ad0a3d092a32d8bbf4955fce549f.jpg
606,c8df8fdeee4948e8,cba31dbdcae0ecc8,unreviewed,,0.606,1.585,Kaggle_data/train/Pichwai/images20_jpg.rf.0bae941146b0fbf319dd41a23ae9e0c9.jpg,Kaggle_data/train/Pichwai/images_jpg.rf.4be543c60dfccbb869c0ae165dae4701.jpg
607,e10259b8647de428,c5d6cde409632741,unreviewed,,0.6055,2.0,Kaggle_data/train/Ikat/fsi2450401d_grande_jpg.rf.611173ba787e1274bdf1cac9550656c3.jpg,Kaggle_data/train/Ikat/images24_jpg.rf.a1523e758f065537bb947d65244e1e4d.jpg
608,1ff8c36c187a7a04,f454843f707ea116,unreviewed,,0.6047,1.126,Kaggle_data/test/Pichwai/image_6f256316-f947-4d17-b801-041b0d9f7d08_jpg.rf.c63c317ab1044ba82eb31b42d1fe15e2.jpg,Kaggle_data/valid/Pichwai/SSC28_jpg.rf.0255f5bf0749cfe5fcbe0514c837001a.jpg
609,4822240c8b7d982e,9eca45dabaf983dd,unreviewed,,0.6046,1.828,Kaggle_data/train/Bandhani/DSC04494_a90fd9e0-4df2-4f60-a0e3-99ae969924fe_jpg.rf.f78512b5652d4700e5744af08698c859.jpg,Kaggle_data/valid/Ikat/images16_jpg.rf.b1559f6bd09134db8387e05bcf7194fc.jpg
610,1b7290d873df7564,1f7ea09e5f0c2262,unreviewed,,0.6043,0.915,Kaggle_data/test/Pichwai/TussarSilkDigitalPrint_1_jpg.rf.47e929d613bce1351222a1d023411231.jpg,Kaggle_data/valid/Pichwai/Pichwai20forest20lake20landscape20Painting_jpg.rf.e520c627f85ed0b0c5b97e8842c630ae.jpg
611,8b5a7f7b172f9632,d8b8fed421dbe547,unreviewed,,0.6034,1.796,Kaggle_data/train/Pichwai/3ecbd3093e0a3c11364d2ae1efd37dbb_jpg.rf.0bd8e0a39bb6338ce7611b8a587cce69.jpg,Kaggle_data/train/Pichwai/images11_jpg.rf.6d637fa94327f70915bb6ae883db4910.jpg
612,4708cdf2c1728b35,ba0c0e3556fb06a2,unreviewed,,0.6032,1.345,Kaggle_data/train/Banarasi/images94_jpg.rf.34d67919b3e960da326fac8d377b72d3.jpg,Kaggle_data/valid/Banarasi/images29_jpg.rf.5eddd70104f847e7469df48943649f6e.jpg
613,ea7b9ff55c08943f,bd8f8e6a60e32aef,unreviewed,,0.6024,1.985,Kaggle_data/train/Ikat/IKKA356-F-1002485_3_492e372d-c9b3-4e51-9816-205f0d64ce22_jpg.rf.a08ebd5eb5ba6e35fd355180fd8b150b.jpg,Kaggle_data/train/Ikat/IKKA370-F-1002848_1_fcea21f3-78f1-4c50-96f4-75308e5d4d93_jpg.rf.c2e51ffe8cfea8bd9802181cc02c659e.jpg
614,22e32ad6a1468ad3,64e99eb47afb4a02,unreviewed,,0.6022,1.796,Kaggle_data/train/Pichwai/images15_jpg.rf.85fe4ce55591117f7272ad3974679031.jpg,Kaggle_data/valid/Pichwai/images19_jpg.rf.b5d924a6542a311b4775cbdef643c80d.jpg
615,16bb4a8d013246cb,b0575ddca8af101c,unreviewed,,0.6011,1.917,Kaggle_data/test/Pichwai/poly-mul-mul-creative-kalamkari-pichwai-fabric_png.rf.bb5a9dffd415489f4f98ae8d038edc55.jpg,Kaggle_data/train/Ikat/image24_jpeg.rf.b815d8f4bd72fcb0bc6e9c874deaf933.jpg
616,dd1bb6403061ca0c,709a20b6f20aaaab,unreviewed,,0.6008,0.702,Kaggle_data/valid/Banarasi/image3_jpeg.rf.8f97d571ccb49620cbb8aa99aff96631.jpg,Kaggle_data/valid/Banarasi/images12_jpg.rf.cc5738194c977dc13aea5388b43a5b61.jpg
617,8e8868d3c9d38c67,93b1de3180b9b2ab,unreviewed,,0.6007,1.473,Kaggle_data/train/Pichwai/image19_jpeg.rf.d0d4ca2c58e3abc7c42ece173264e8e3.jpg,Kaggle_data/train/Pichwai/Instagrampost-256_800x_png.rf.2fd70e72b8f0846ee8b664d024eab506.jpg
618,36143cac34449749,e0f6ea862fd6d16b,unreviewed,,0.6003,1.308,Kaggle_data/train/Bandhani/image27_jpeg.rf.27d745cda837a8afe20c2e80236d77f6.jpg,Kaggle_data/valid/Bandhani/3369331327_jpg.rf.2cfc4e986a41ef45113d9c059674ce75.jpg
619,a7485311fe938e0f,093328e925573bf7,unreviewed,,0.5999,1.646,Kaggle_data/valid/Banarasi/images7_jpg.rf.548124a6f72034f6d9d68a5ee7a0ec38.jpg,Kaggle_data/valid/Ikat/images12_jpg.rf.587d1b7c883bcd6e50dfaabe171b62b7.jpg
620,59cee7f0279d8151,b19a8ddf30e0edba,unreviewed,,0.5994,1.624,Kaggle_data/train/Bandhani/7f8e34e356d38bf95a64bf46fcc1288f_jpg.rf.6d195989a63c0a5eacaf16c3b38d257d.jpg,Kaggle_data/train/Pichwai/image25_jpeg.rf.4a5d601d89f9cab535034cd244af7307.jpg
621,aa4be42439cdee6f,60a10aa7dfdffc34,unreviewed,,0.5993,1.98,Kaggle_data/train/Bandhani/sfd06_jpg.rf.b1d9aae2881c4122c0c0c332af5d8b4f.jpg,Kaggle_data/valid/Ikat/image16_jpeg.rf.35c7f56927c1de8f0875d69b4e5a7dc7.jpg
622,8b5a7f7b172f9632,0a87a73439db3a40,unreviewed,,0.5992,1.63,Kaggle_data/train/Pichwai/3ecbd3093e0a3c11364d2ae1efd37dbb_jpg.rf.0bd8e0a39bb6338ce7611b8a587cce69.jpg,Kaggle_data/train/Pichwai/pea-flt1658a_jpg.rf.55b2adce87cf81ca60e7c3d521705d68.jpg
623,9211a92ae8a7d4c0,e587f6467c560247,unreviewed,,0.5991,1.794,Kaggle_data/train/Banarasi/images71_jpg.rf.0f5727bd140ee608535d8232110f44da.jpg,Kaggle_data/train/Ikat/fsi2450501k1_400x_crop_center_jpg.rf.48291be444e8f61797b220569dda22a3.jpg
624,c10cef81fde72d70,667a73e369cd236a,unreviewed,,0.5988,1.343,Kaggle_data/valid/Banarasi/images162_jpg.rf.9d2e28a2072083e15810a99dabe7246c.jpg,Kaggle_data/valid/Bandhani/image21_jpeg.rf.603a0a8b191b9df7105e4cb01083f32b.jpg
625,22cdad669c52e07d,8ca06d25122f0206,unreviewed,,0.5981,1.761,Kaggle_data/train/Pichwai/27042022040344_png.rf.02f71485299bc68dde3ce4d90c2df28e.jpg,Kaggle_data/train/Pichwai/image27_jpeg.rf.2c939df935dc7c14a019d29689113da4.jpg
626,667a73e369cd236a,9eca45dabaf983dd,unreviewed,,0.598,2.0,Kaggle_data/valid/Bandhani/image21_jpeg.rf.603a0a8b191b9df7105e4cb01083f32b.jpg,Kaggle_data/valid/Ikat/images16_jpg.rf.b1559f6bd09134db8387e05bcf7194fc.jpg
627,f538747d4caed428,68ff6f593ce77657,unreviewed,,0.5977,1.892,Kaggle_data/train/Bandhani/100236239b-640x640_jpg.rf.16541fa28825cbbd41b4c2b68a9c434d.jpg,Kaggle_data/train/Bandhani/images2_jpg.rf.44ebc07dbb84a4fa7f8bf4322f7a72e7.jpg
628,72440d8514acd954,0a87a73439db3a40,unreviewed,,0.5969,1.924,Kaggle_data/train/Pichwai/image13_jpeg.rf.c7c346ee6f26655ca0763fffbf6d4397.jpg,Kaggle_data/train/Pichwai/pea-flt1658a_jpg.rf.55b2adce87cf81ca60e7c3d521705d68.jpg
629,607eae9e7f789e97,bf15065b47f0dbf6,unreviewed,,0.5956,1.566,Kaggle_data/train/Pichwai/91iBR3xJlKL_jpg.rf.075962235bd386387118522dbefbdbe8.jpg,Kaggle_data/valid/Pichwai/22003347-Scale_jpg.rf.8491286f3e17233df9c53454da1a8c8f.jpg
630,22cdad669c52e07d,607eae9e7f789e97,unreviewed,,0.5952,1.665,Kaggle_data/train/Pichwai/27042022040344_png.rf.02f71485299bc68dde3ce4d90c2df28e.jpg,Kaggle_data/train/Pichwai/91iBR3xJlKL_jpg.rf.075962235bd386387118522dbefbdbe8.jpg
631,b8536e6880a34da3,831c094a7b92b66e,unreviewed,,0.5944,1.987,Kaggle_data/train/Banarasi/images70_jpg.rf.ef41784b4ca083101823b4876f27f48a.jpg,Kaggle_data/train/Ikat/ikkat-silk-fabric-light-pink-color-pochampallysarees-com_jpg.rf.8bd9dcd7bd122e8970eb9e6f1e249970.jpg
632,412fe8d74c1deb60,00135eb1c9551ef2,unreviewed,,0.5944,1.806,Kaggle_data/train/Banarasi/images158_jpg.rf.8ce382162ac0b1587c04012600e2ddcf.jpg,Kaggle_data/train/Banarasi/images47_jpg.rf.300c2deb65bcaf51a1361b3ed31d1ea5.jpg
633,582735a4dc41b33a,bd8f8e6a60e32aef,unreviewed,,0.5939,2.0,Kaggle_data/train/Ikat/IKA-F-52_3_0e3ac7e1-f6a2-4555-81e9-ef2b15c6396a_jpg.rf.f189c00de86b889ced4abe563fd5e6a3.jpg,Kaggle_data/train/Ikat/IKKA370-F-1002848_1_fcea21f3-78f1-4c50-96f4-75308e5d4d93_jpg.rf.c2e51ffe8cfea8bd9802181cc02c659e.jpg
634,26679a65ea7c414e,463a3830492e0034,unreviewed,,0.5935,1.819,Kaggle_data/train/Banarasi/image15_jpeg.rf.ebf690a16bde6941a4fd0ac45c2e8889.jpg,Kaggle_data/valid/Bandhani/product-jpeg-500x500_jpg.rf.e372d62bb2ed7e7d711349030b2eb918.jpg
635,b1a9a5205f046454,bf15065b47f0dbf6,unreviewed,,0.5935,1.631,Kaggle_data/train/Pichwai/WhatsAppImage2022-07-11at6-03-03PM_jpg.rf.bda70f39ebf0829458a30f68904a2731.jpg,Kaggle_data/valid/Pichwai/22003347-Scale_jpg.rf.8491286f3e17233df9c53454da1a8c8f.jpg
636,b86abaa0584d52db,4708cbe5e756e723,unreviewed,,0.5932,1.743,Kaggle_data/test/Pichwai/20230304_152640_clipped_rev_1_1024x_jpg.rf.f01a13e32091bd2d1b855478593e97ab.jpg,Kaggle_data/train/Pichwai/image3_jpeg.rf.c3d9f223a56316f92252bd1787ec371d.jpg
637,3414b9eea75beb60,4f961e074db42388,unreviewed,,0.593,1.495,Kaggle_data/train/Pichwai/images24_jpg.rf.46eaab8fc17754270aca3db638bcef85.jpg,Kaggle_data/valid/Pichwai/94235-3-401_jpg.rf.ed0cb5a1022b45db49f5338cde3a58f2.jpg
638,6e3ea01fdfaa7fab,131304cd467b3699,unreviewed,,0.5925,0.953,Kaggle_data/test/Ikat/images21_jpg.rf.8df60421d89faa4aa3489188595371e8.jpg,Kaggle_data/train/Banarasi/image19_jpeg.rf.eacfbd129a995ce1caac234858597109.jpg
639,c632fdf7f463b1f3,c4ee6b96dafd68dd,unreviewed,,0.5924,0.733,Kaggle_data/train/Banarasi/image32_jpeg.rf.84588d92c46676b4ee39ac30662e4794.jpg,Kaggle_data/train/Banarasi/images174_jpg.rf.6502b253ca2475ee963a94a8a469ca6b.jpg
640,b916f9e7e91107a0,d94cafe762516866,unreviewed,,0.5923,0.89,Kaggle_data/train/Bandhani/20211105-171444-500x500_jpg.rf.e1a9d1d33126830ab6bdf2d1f1b72137.jpg,Kaggle_data/train/Bandhani/cambric-cotton-bandhani-fabric-full_jpg.rf.4d2b1ea89acc2eb881946302b7a688e5.jpg
641,ea7b9ff55c08943f,61c8f4c45c884c94,unreviewed,,0.5913,2.0,Kaggle_data/train/Ikat/IKKA356-F-1002485_3_492e372d-c9b3-4e51-9816-205f0d64ce22_jpg.rf.a08ebd5eb5ba6e35fd355180fd8b150b.jpg,Kaggle_data/train/Ikat/pink-pochampally-ikkat-fabric-2-500x500_jpg.rf.2afcc071bbbd584f3e75d21f243c776d.jpg
642,cf216e2c52c39723,b19a8ddf30e0edba,unreviewed,,0.5911,1.472,Kaggle_data/train/Pichwai/22003334-B_jpg.rf.fcb9cf1d642225bde449fc39dc4f254f.jpg,Kaggle_data/train/Pichwai/image25_jpeg.rf.4a5d601d89f9cab535034cd244af7307.jpg
643,d69c3d7009cdc274,924395959b6404d1,unreviewed,,0.5897,1.431,Kaggle_data/test/Pichwai/image6_jpeg.rf.120c25820894391f2e995a69ff8630ac.jpg,Kaggle_data/train/Pichwai/20230304_152947_clipped_rev_1_1024x_jpg.rf.3225331836fc17e6ec5480a02525ec92.jpg
644,d69c3d7009cdc274,cf7d93323505ae4c,unreviewed,,0.589,1.256,Kaggle_data/test/Pichwai/image6_jpeg.rf.120c25820894391f2e995a69ff8630ac.jpg,Kaggle_data/train/Pichwai/images6_jpg.rf.636c80c7d9a281abcdd5083dfdddf708.jpg
645,d8b8fed421dbe547,af012374a4b6bcd4,unreviewed,,0.5888,1.791,Kaggle_data/train/Pichwai/images11_jpg.rf.6d637fa94327f70915bb6ae883db4910.jpg,Kaggle_data/train/Pichwai/images21_jpg.rf.965e184ff48402e14e645795620ca765.jpg
646,d69c3d7009cdc274,751fe4acccc8ae69,unreviewed,,0.588,1.747,Kaggle_data/test/Pichwai/image6_jpeg.rf.120c25820894391f2e995a69ff8630ac.jpg,Kaggle_data/train/Pichwai/image5_jpeg.rf.79d2fbfd8f80c0720ef08208ea2674d9.jpg
647,9211a92ae8a7d4c0,4f961e074db42388,unreviewed,,0.5877,1.045,Kaggle_data/train/Banarasi/images71_jpg.rf.0f5727bd140ee608535d8232110f44da.jpg,Kaggle_data/valid/Pichwai/94235-3-401_jpg.rf.ed0cb5a1022b45db49f5338cde3a58f2.jpg
648,f883ed73aedfcbf2,e0f6ea862fd6d16b,unreviewed,,0.5867,1.997,Kaggle_data/train/Bandhani/georgette-bandhani-fabric-full_jpg.rf.291b8790ce98ebf75c1aa187041f0f1e.jpg,Kaggle_data/valid/Bandhani/3369331327_jpg.rf.2cfc4e986a41ef45113d9c059674ce75.jpg
649,b3d058ce905c148a,b19a8ddf30e0edba,unreviewed,,0.5859,1.874,Kaggle_data/train/Bandhani/20264922_681993195338160_2510720478045997098_n_5859e801-85b1-4051-b103-443e9d601a81_jpg.rf.fd0281e7f040e8ff978b6be5339cd64e.jpg,Kaggle_data/train/Pichwai/image25_jpeg.rf.4a5d601d89f9cab535034cd244af7307.jpg
650,16bb4a8d013246cb,dd1bb6403061ca0c,unreviewed,,0.585,1.791,Kaggle_data/test/Pichwai/poly-mul-mul-creative-kalamkari-pichwai-fabric_png.rf.bb5a9dffd415489f4f98ae8d038edc55.jpg,Kaggle_data/valid/Banarasi/image3_jpeg.rf.8f97d571ccb49620cbb8aa99aff96631.jpg
651,a0b80a5b0c52cb59,31240fb4915713d6,unreviewed,,0.584,1.957,Kaggle_data/test/Ikat/Pochampally20Violet20Cotton20Ikat20Fabric-1000x1000_jpeg.rf.d5ea3f64942e2ed631498872e0218799.jpg,Kaggle_data/train/Ikat/f23-2_cbcc9ff5-b9bf-4389-9b86-23112a581598_1024x_jpg.rf.c1287af845ca38274808b401470ca256.jpg
652,579aed680c0fa176,b3d058ce905c148a,unreviewed,,0.5838,1.991,Kaggle_data/test/Bandhani/58-inch-bandhani-chiffon-print-fabric_jpg.rf.9c83779b83bf2875a556ec9139d9a7c8.jpg,Kaggle_data/train/Bandhani/20264922_681993195338160_2510720478045997098_n_5859e801-85b1-4051-b103-443e9d601a81_jpg.rf.fd0281e7f040e8ff978b6be5339cd64e.jpg
653,03215e1d2b178fa5,e73a40d6569bc6be,unreviewed,,0.5837,1.565,Kaggle_data/train/Bandhani/RFTCOM116_jpg.rf.1c4bbdef98cb31f1296bcf30395ebf22.jpg,Kaggle_data/valid/Bandhani/RFTCOM120_jpg.rf.3ddb5a4b99a0c4baa5d2df3e9213221a.jpg
654,204bd9ff5fd740eb,44f1e624a2aedd3c,unreviewed,,0.5837,0.994,Kaggle_data/train/Ikat/images23_jpg.rf.a60a37d45a60a075a99105dc5495ea70.jpg,Kaggle_data/train/Ikat/img-20190422-wa0023_jpg.rf.25d88af624ecbc3c7d2add1cec3e187a.jpg
655,d69c3d7009cdc274,22cdad669c52e07d,unreviewed,,0.5834,1.635,Kaggle_data/test/Pichwai/image6_jpeg.rf.120c25820894391f2e995a69ff8630ac.jpg,Kaggle_data/train/Pichwai/27042022040344_png.rf.02f71485299bc68dde3ce4d90c2df28e.jpg
656,aff13fa21d874c15,71bfe1f01c2dde9a,unreviewed,,0.5826,1.91,Kaggle_data/test/Pichwai/PINK-AND-BLUE-PICHWAI-STRIPED-PRINT_58ac5c1d-9633-448d-bda9-e23812e4c35e_jpg.rf.3e2762f066b8e536154ab1252a896b96.jpg,Kaggle_data/train/Pichwai/IMG-20210709-WA0017_grande_jpg.rf.e8f2c6db14c4c8f64d52ed9351839a73.jpg
657,fd8fe5bde2b04959,b19a8ddf30e0edba,unreviewed,,0.5824,1.668,Kaggle_data/train/Pichwai/image15_jpeg.rf.d6bf158038f7b6f70c093600330b4569.jpg,Kaggle_data/train/Pichwai/image25_jpeg.rf.4a5d601d89f9cab535034cd244af7307.jpg
658,751fe4acccc8ae69,a7485311fe938e0f,unreviewed,,0.5817,1.437,Kaggle_data/train/Pichwai/image5_jpeg.rf.79d2fbfd8f80c0720ef08208ea2674d9.jpg,Kaggle_data/valid/Banarasi/images7_jpg.rf.548124a6f72034f6d9d68a5ee7a0ec38.jpg
659,3669c3b2383a4b1e,c10cef81fde72d70,unreviewed,,0.5815,1.985,Kaggle_data/train/Bandhani/images13_jpg.rf.7bd15719a8bff563667de2fdbeeffaba.jpg,Kaggle_data/valid/Banarasi/images162_jpg.rf.9d2e28a2072083e15810a99dabe7246c.jpg
660,d831d1234427ceb5,c33f21528eff8bf0,unreviewed,,0.5811,0.939,Kaggle_data/train/Pichwai/Img1-1-555x832_jpg.rf.05a520f345441942e35952ad43c741f6.jpg,Kaggle_data/train/Pichwai/PichwaiSaree_174d6518-4521-401b-b8a5-1b562e5852c3_jpg.rf.4d26d5c5bfe82e7c51fad2041835e629.jpg
661,16bb4a8d013246cb,5e66ae0739a21b25,unreviewed,,0.5808,1.734,Kaggle_data/test/Pichwai/poly-mul-mul-creative-kalamkari-pichwai-fabric_png.rf.bb5a9dffd415489f4f98ae8d038edc55.jpg,Kaggle_data/train/Banarasi/images102_jpg.rf.64d528cd11388183db6d78e77c939bb7.jpg
662,aa4be42439cdee6f,56ed2672ec118c9b,unreviewed,,0.5802,1.999,Kaggle_data/train/Bandhani/sfd06_jpg.rf.b1d9aae2881c4122c0c0c332af5d8b4f.jpg,Kaggle_data/train/Ikat/1-5-5_jpg.rf.22a80ae5ba30499032f8af935ccb61e0.jpg
663,b19a8ddf30e0edba,f454843f707ea116,unreviewed,,0.5776,0.708,Kaggle_data/train/Pichwai/image25_jpeg.rf.4a5d601d89f9cab535034cd244af7307.jpg,Kaggle_data/valid/Pichwai/SSC28_jpg.rf.0255f5bf0749cfe5fcbe0514c837001a.jpg
664,22e32ad6a1468ad3,e15b7c74ed7a5bae,unreviewed,,0.5768,1.275,Kaggle_data/train/Pichwai/images15_jpg.rf.85fe4ce55591117f7272ad3974679031.jpg,Kaggle_data/train/Pichwai/PICHWAI-100011-03_jpg.rf.f378c415caa0b7217367244b17883c5c.jpg
665,3414b9eea75beb60,8e9accf23b09186b,unreviewed,,0.5765,1.49,Kaggle_data/train/Pichwai/images24_jpg.rf.46eaab8fc17754270aca3db638bcef85.jpg,Kaggle_data/train/Pichwai/images3_jpg.rf.e7dac320ad95af2944a07ffafefa863d.jpg
666,e10259b8647de428,463a3830492e0034,unreviewed,,0.5755,1.794,Kaggle_data/train/Ikat/fsi2450401d_grande_jpg.rf.611173ba787e1274bdf1cac9550656c3.jpg,Kaggle_data/valid/Bandhani/product-jpeg-500x500_jpg.rf.e372d62bb2ed7e7d711349030b2eb918.jpg
667,5933d843a51b7bea,e979bc01c911aba7,unreviewed,,0.5752,1.785,Kaggle_data/train/Banarasi/images147_jpg.rf.f1aa60cd4f5824075b849319f413cd24.jpg,Kaggle_data/train/Banarasi/images36_jpg.rf.23a0e08774e55fbade1d4fe281a30e6b.jpg
668,b3d058ce905c148a,fd8fe5bde2b04959,unreviewed,,0.5731,1.791,Kaggle_data/train/Bandhani/20264922_681993195338160_2510720478045997098_n_5859e801-85b1-4051-b103-443e9d601a81_jpg.rf.fd0281e7f040e8ff978b6be5339cd64e.jpg,Kaggle_data/train/Pichwai/image15_jpeg.rf.d6bf158038f7b6f70c093600330b4569.jpg
669,03215e1d2b178fa5,dd1bb6403061ca0c,unreviewed,,0.573,1.682,Kaggle_data/train/Bandhani/RFTCOM116_jpg.rf.1c4bbdef98cb31f1296bcf30395ebf22.jpg,Kaggle_data/valid/Banarasi/image3_jpeg.rf.8f97d571ccb49620cbb8aa99aff96631.jpg
670,d94cafe762516866,e10259b8647de428,unreviewed,,0.5728,2.0,Kaggle_data/train/Bandhani/cambric-cotton-bandhani-fabric-full_jpg.rf.4d2b1ea89acc2eb881946302b7a688e5.jpg,Kaggle_data/train/Ikat/fsi2450401d_grande_jpg.rf.611173ba787e1274bdf1cac9550656c3.jpg
671,a908a80640a64a91,cd8b6861c95ccda9,unreviewed,,0.5727,1.004,Kaggle_data/train/Pichwai/20240507_114001_5bf43237-dd0b-475c-aac1-00592d812869_jpg.rf.d244246e2aab62127e61e0bb15b7f89f.jpg,Kaggle_data/train/Pichwai/image8_jpeg.rf.79711cf6d22b29624d1790f5db612d7e.jpg
672,1ff8c36c187a7a04,22f1162701da5d7c,unreviewed,,0.5714,1.717,Kaggle_data/test/Pichwai/image_6f256316-f947-4d17-b801-041b0d9f7d08_jpg.rf.c63c317ab1044ba82eb31b42d1fe15e2.jpg,Kaggle_data/train/Pichwai/images9_jpg.rf.a1dc64ac7ffffb404cec481fd15f9413.jpg
673,f538747d4caed428,dc4004f1115455a4,unreviewed,,0.5712,1.831,Kaggle_data/train/Bandhani/100236239b-640x640_jpg.rf.16541fa28825cbbd41b4c2b68a9c434d.jpg,Kaggle_data/train/Ikat/images6_jpg.rf.dfdb26954379a6505ccaa8cda39f56ff.jpg
674,1b9535e0657d5308,cba31dbdcae0ecc8,unreviewed,,0.5705,1.619,Kaggle_data/train/Pichwai/images22_jpg.rf.e1d6ad0a3d092a32d8bbf4955fce549f.jpg,Kaggle_data/train/Pichwai/images_jpg.rf.4be543c60dfccbb869c0ae165dae4701.jpg
675,3839db75a0830b32,ac1fa0df8059a69c,unreviewed,,0.5702,1.694,Kaggle_data/train/Bandhani/dsc_9386_jpg.rf.0a2f7122e75d563036a1be1f0c44ed12.jpg,Kaggle_data/train/Bandhani/kutch-bandhani-dress-materialbandhej-dress-810x456_large_jpg.rf.dfb199e032f3e857ea27ffe72e0ebb08.jpg
676,9934da9269ed2b9a,d59417fd9f9868c3,unreviewed,,0.5696,1.586,Kaggle_data/train/Banarasi/images11_jpg.rf.5ca78cbaeb1e3f8aa1353874882a9e20.jpg,Kaggle_data/valid/Pichwai/PICHWAI-100005-01_jpg.rf.13b96408dd8dc8b3f11adb6aa086dd52.jpg
677,3414b9eea75beb60,dd777c9bc52522fb,unreviewed,,0.5694,1.312,Kaggle_data/train/Pichwai/images24_jpg.rf.46eaab8fc17754270aca3db638bcef85.jpg,Kaggle_data/valid/Pichwai/eig7q_512_webp.rf.2dfc1e8d10bf00012dc57816b8540945.jpg
678,8e8868d3c9d38c67,b378e180de1c7b05,unreviewed,,0.5693,1.38,Kaggle_data/train/Pichwai/image19_jpeg.rf.d0d4ca2c58e3abc7c42ece173264e8e3.jpg,Kaggle_data/train/Pichwai/Instagrampost-266_800x_png.rf.7d7fc696034dcfdc5a5bc388a2cb7049.jpg
679,a14d4ba0556d030a,15ba33f46472eb68,unreviewed,,0.5664,1.111,Kaggle_data/train/Banarasi/images169_jpg.rf.55d29f572c8370b7b355d9e61ed039f3.jpg,Kaggle_data/train/Pichwai/images16_jpg.rf.e30d932a44c6c5794722f6d583af57e3.jpg
680,22e32ad6a1468ad3,fa40b7b011e37321,unreviewed,,0.5662,1.304,Kaggle_data/train/Pichwai/images15_jpg.rf.85fe4ce55591117f7272ad3974679031.jpg,Kaggle_data/valid/Pichwai/images23_jpg.rf.bbfb789f70b3c46f7f7cb21c275d5ce8.jpg
681,36143cac34449749,e965cf37de752eb7,unreviewed,,0.5648,1.296,Kaggle_data/train/Bandhani/image27_jpeg.rf.27d745cda837a8afe20c2e80236d77f6.jpg,Kaggle_data/train/Bandhani/images_jpg.rf.40b937876bf4c09bd79e64ebefd80a0c.jpg
682,9934da9269ed2b9a,204bd9ff5fd740eb,unreviewed,,0.5644,1.591,Kaggle_data/train/Banarasi/images11_jpg.rf.5ca78cbaeb1e3f8aa1353874882a9e20.jpg,Kaggle_data/train/Ikat/images23_jpg.rf.a60a37d45a60a075a99105dc5495ea70.jpg
683,aff13fa21d874c15,72440d8514acd954,unreviewed,,0.564,1.789,Kaggle_data/test/Pichwai/PINK-AND-BLUE-PICHWAI-STRIPED-PRINT_58ac5c1d-9633-448d-bda9-e23812e4c35e_jpg.rf.3e2762f066b8e536154ab1252a896b96.jpg,Kaggle_data/train/Pichwai/image13_jpeg.rf.c7c346ee6f26655ca0763fffbf6d4397.jpg
684,d78783cb7cb8ef00,204bd9ff5fd740eb,unreviewed,,0.5618,0.959,Kaggle_data/train/Ikat/image29_jpeg.rf.13d912b97beddf7f665c57a881cbcf42.jpg,Kaggle_data/train/Ikat/images23_jpg.rf.a60a37d45a60a075a99105dc5495ea70.jpg
685,76bf7f9cb0ea62fb,02a62e7be13f4b97,unreviewed,,0.5616,1.763,Kaggle_data/train/Ikat/image13_jpeg.rf.e1dd1317e78afe610a397ee1baa27a5f.jpg,Kaggle_data/valid/Ikat/images31_jpg.rf.cc41d2af1c2551646cc984cff771d9bc.jpg
686,579aed680c0fa176,3839db75a0830b32,unreviewed,,0.561,1.072,Kaggle_data/test/Bandhani/58-inch-bandhani-chiffon-print-fabric_jpg.rf.9c83779b83bf2875a556ec9139d9a7c8.jpg,Kaggle_data/train/Bandhani/dsc_9386_jpg.rf.0a2f7122e75d563036a1be1f0c44ed12.jpg
687,4708cdf2c1728b35,718414ab259b212b,unreviewed,,0.5606,1.626,Kaggle_data/train/Banarasi/images94_jpg.rf.34d67919b3e960da326fac8d377b72d3.jpg,Kaggle_data/train/Ikat/pochampally-pure-silk-cotton-blouse-piece-rkg-shopping-496696_jpg.rf.079496c1172d2b8eca623f91aec35998.jpg
688,718414ab259b212b,4f2b1b8849443859,unreviewed,,0.5595,1.568,Kaggle_data/train/Ikat/pochampally-pure-silk-cotton-blouse-piece-rkg-shopping-496696_jpg.rf.079496c1172d2b8eca623f91aec35998.jpg,Kaggle_data/valid/Bandhani/raw-silk-bandhani-print-fabric-red-m-foks-3_webp.rf.b3f5838ec2980a00df6f78a50634f143.jpg
689,208746da1288ba99,1f7ea09e5f0c2262,unreviewed,,0.5584,1.265,Kaggle_data/valid/Pichwai/image21_jpeg.rf.18a19e0529f7a2ed165958a1dc5fafa1.jpg,Kaggle_data/valid/Pichwai/Pichwai20forest20lake20landscape20Painting_jpg.rf.e520c627f85ed0b0c5b97e8842c630ae.jpg
690,803883bd2d7facc2,310b01063eaa0142,unreviewed,,0.5571,1.471,Kaggle_data/train/Bandhani/bandhani-print-georgette-fabric_jpg.rf.6c7aef7daf9291e0b3bd2cd49d623801.jpg,Kaggle_data/train/Ikat/images3_jpg.rf.b311ed3c60884a0982637af9ee6540d7.jpg
691,4708cdf2c1728b35,524e1db15c5b16d8,unreviewed,,0.557,1.744,Kaggle_data/train/Banarasi/images94_jpg.rf.34d67919b3e960da326fac8d377b72d3.jpg,Kaggle_data/valid/Pichwai/image31_jpeg.rf.1b76e255379b72458edeb7942a8c6301.jpg
692,72440d8514acd954,2cd5d2f6fd8a2a37,unreviewed,,0.5567,1.676,Kaggle_data/train/Pichwai/image13_jpeg.rf.c7c346ee6f26655ca0763fffbf6d4397.jpg,Kaggle_data/train/Pichwai/image33_jpeg.rf.315e5c1ffdb1bdad4c7e3bba067d1792.jpg
693,1ff8c36c187a7a04,97fe088b97e872c8,unreviewed,,0.5565,1.942,Kaggle_data/test/Pichwai/image_6f256316-f947-4d17-b801-041b0d9f7d08_jpg.rf.c63c317ab1044ba82eb31b42d1fe15e2.jpg,Kaggle_data/train/Pichwai/images7_jpg.rf.41386dac0ae2aca0deeb7e4a5cb0125e.jpg
694,934959b5c5eca6b8,94c58efed636e4e2,unreviewed,,0.5553,1.051,Kaggle_data/train/Banarasi/images46_jpg.rf.2977dcdb64f6701fac5ea5961acf7e5a.jpg,Kaggle_data/train/Pichwai/images10_jpg.rf.f6ea51319d1fc403faa1396d53ac8442.jpg
695,dcd71af2bd1d82eb,4037311e1200d5bb,unreviewed,,0.5523,1.625,Kaggle_data/test/Pichwai/-wall-decor-blue-8-inch-product-images-orvq71dvz4d-p604000989-0-202308211412_jpg.rf.2a053d85a534c86008d13ce311e5a44c.jpg,Kaggle_data/train/Pichwai/images17_jpg.rf.b10092c8af99d8029af8e397a45bdbbe.jpg
696,b19a8ddf30e0edba,12eb68f9b401d0b8,unreviewed,,0.5506,1.411,Kaggle_data/train/Pichwai/image25_jpeg.rf.4a5d601d89f9cab535034cd244af7307.jpg,Kaggle_data/train/Pichwai/sddefault_jpg.rf.a7beaee1aa55d1080ca73eb4cbb8202a.jpg
697,a908a80640a64a91,97fe088b97e872c8,unreviewed,,0.5498,1.787,Kaggle_data/train/Pichwai/20240507_114001_5bf43237-dd0b-475c-aac1-00592d812869_jpg.rf.d244246e2aab62127e61e0bb15b7f89f.jpg,Kaggle_data/train/Pichwai/images7_jpg.rf.41386dac0ae2aca0deeb7e4a5cb0125e.jpg
698,412fe8d74c1deb60,0a87a73439db3a40,unreviewed,,0.5497,1.802,Kaggle_data/train/Banarasi/images158_jpg.rf.8ce382162ac0b1587c04012600e2ddcf.jpg,Kaggle_data/train/Pichwai/pea-flt1658a_jpg.rf.55b2adce87cf81ca60e7c3d521705d68.jpg
699,34d721177e0c564e,a730e2df0ab9eba9,unreviewed,,0.5492,1.427,Kaggle_data/train/Pichwai/0fd2df9315d8aba5cf9471c838a639aa_jpg.rf.e6ff0ed6e82000e63e9c895855b5a894.jpg,Kaggle_data/train/Pichwai/The-folkart-rajasthan-pichwai-product-image-1-srinathji-sundari-silks_png.rf.fb88ae41c59ed1c2299c20f9fd3e4640.jpg
700,510eecfba1e137b6,89ae826ed2b85de9,unreviewed,,0.5486,1.668,Kaggle_data/train/Banarasi/images163_jpg.rf.f46318a8403667e13f0ac095968890c2.jpg,Kaggle_data/train/Banarasi/images33_jpg.rf.23b904d721b487ad0b621bb11bb9e02f.jpg
701,46f23915358f874c,6e56daf33967f492,unreviewed,,0.5469,1.082,Kaggle_data/train/Bandhani/20211105-170537_jpg.rf.adf4521e7573daa190eadbe29983a08e.jpg,Kaggle_data/train/Bandhani/bandhani-printed-rayon-fabric_jpg.rf.34b229445e66b4461b4870d42eb25e94.jpg
702,00135eb1c9551ef2,a66779a53c505208,unreviewed,,0.5456,1.806,Kaggle_data/train/Banarasi/images47_jpg.rf.300c2deb65bcaf51a1361b3ed31d1ea5.jpg,Kaggle_data/train/Ikat/Ikkat_Cotton_Fabric_material-ICFM001_jpg.rf.c0ff72507001a8d5516bd65fedf46b18.jpg
703,4708cdf2c1728b35,94c58efed636e4e2,unreviewed,,0.5451,1.183,Kaggle_data/train/Banarasi/images94_jpg.rf.34d67919b3e960da326fac8d377b72d3.jpg,Kaggle_data/train/Pichwai/images10_jpg.rf.f6ea51319d1fc403faa1396d53ac8442.jpg
704,718414ab259b212b,ba385401b0eac563,unreviewed,,0.5436,1.643,Kaggle_data/train/Ikat/pochampally-pure-silk-cotton-blouse-piece-rkg-shopping-496696_jpg.rf.079496c1172d2b8eca623f91aec35998.jpg,Kaggle_data/valid/Bandhani/maroon-bandhani-pure-gajji-silk-fabric-1-mtr-963034_jpg.rf.d66864d1e8adb15b60deccf1bf369a18.jpg
705,871f56575e6b3226,ee05f5689924af75,unreviewed,,0.5412,1.96,Kaggle_data/train/Banarasi/image8_jpeg.rf.0d657092523e97bb69358c1a572f91e1.jpg,Kaggle_data/train/Bandhani/IMG_1075_53fed6ab-fbec-4660-918c-7006fbefeb17_jpg.rf.d520a708c5f234d63af4789f44cb61a0.jpg
706,9608065c68efe00d,cba31dbdcae0ecc8,unreviewed,,0.5409,0.897,Kaggle_data/train/Pichwai/il_1140xN-3336549267_bg7z_jpg.rf.c6d5d9b6b93d92a2b36021acb61a7f51.jpg,Kaggle_data/train/Pichwai/images_jpg.rf.4be543c60dfccbb869c0ae165dae4701.jpg
707,ac2233ca2f180658,ee05f5689924af75,unreviewed,,0.5404,1.477,Kaggle_data/train/Banarasi/images152_jpg.rf.e96b1334a723cc1010f96a7472ff5816.jpg,Kaggle_data/train/Bandhani/IMG_1075_53fed6ab-fbec-4660-918c-7006fbefeb17_jpg.rf.d520a708c5f234d63af4789f44cb61a0.jpg
708,8020979c0db3cb79,aec8856c687e5a6c,unreviewed,,0.5403,1.824,Kaggle_data/train/Bandhani/IMG_20231007_145508_3f1030ad-6233-479b-96b5-d3a5edf8b95e_jpg.rf.fa511f0dd61c24bae3e4f3ca6671e09a.jpg,Kaggle_data/train/Pichwai/pastel-hand-painted-pure-moonga-silk-pichwai-blouse-fabric-1-mtr-775928_jpg.rf.331e91b674d80ec395c662cca559c142.jpg
709,91e8af7703a114c5,0a8ce81bac1373ef,unreviewed,,0.5399,1.782,Kaggle_data/train/Banarasi/images31_jpg.rf.f96c28091b113c1dcca186ff9313b93b.jpg,Kaggle_data/train/Banarasi/images5_jpg.rf.84059d95c347f08815b5cce4bf41adf8.jpg
710,310b01063eaa0142,46551d1474eaeae3,unreviewed,,0.5381,1.599,Kaggle_data/train/Ikat/images3_jpg.rf.b311ed3c60884a0982637af9ee6540d7.jpg,Kaggle_data/valid/Bandhani/image22_jpeg.rf.c8d7a449a34c80700eb00717ebff73c0.jpg
711,6488b3d70fde322f,1f7ea09e5f0c2262,unreviewed,,0.5366,0.794,Kaggle_data/train/Pichwai/E091D122GA0501004000_A-600x667-JPG_jpg.rf.42223a5856154f753de2b2d2bf5b01c9.jpg,Kaggle_data/valid/Pichwai/Pichwai20forest20lake20landscape20Painting_jpg.rf.e520c627f85ed0b0c5b97e8842c630ae.jpg
712,bd07f8dbab98591a,ac1fa0df8059a69c,unreviewed,,0.5359,1.637,Kaggle_data/test/Banarasi/images54_jpg.rf.03d69a6149bb0bcd448b441ca2caa781.jpg,Kaggle_data/train/Bandhani/kutch-bandhani-dress-materialbandhej-dress-810x456_large_jpg.rf.dfb199e032f3e857ea27ffe72e0ebb08.jpg
713,8020c9668347e404,bf15065b47f0dbf6,unreviewed,,0.534,1.6,Kaggle_data/train/Pichwai/206beb9f71a2627f3001189b105e68ec_jpg.rf.60e7435db8cd7da69594df9b465c6797.jpg,Kaggle_data/valid/Pichwai/22003347-Scale_jpg.rf.8491286f3e17233df9c53454da1a8c8f.jpg
714,bd07f8dbab98591a,c796fdf2ef3999b1,unreviewed,,0.5321,1.444,Kaggle_data/test/Banarasi/images54_jpg.rf.03d69a6149bb0bcd448b441ca2caa781.jpg,Kaggle_data/valid/Banarasi/images154_jpg.rf.b674514d7e50547d165575196b3a0bf8.jpg
715,49797ba5d5b290ae,2cd5d2f6fd8a2a37,unreviewed,,0.5313,1.164,Kaggle_data/train/Pichwai/image22_jpeg.rf.75231a3d90dcd118fe05a6b275bd37a1.jpg,Kaggle_data/train/Pichwai/image33_jpeg.rf.315e5c1ffdb1bdad4c7e3bba067d1792.jpg
716,7096781a1c3e2b65,d94cafe762516866,unreviewed,,0.5289,1.574,Kaggle_data/test/Banarasi/images126_jpg.rf.28957d83c8ff0e2471b7e715e9c76991.jpg,Kaggle_data/train/Bandhani/cambric-cotton-bandhani-fabric-full_jpg.rf.4d2b1ea89acc2eb881946302b7a688e5.jpg
717,72440d8514acd954,c8df8fdeee4948e8,unreviewed,,0.5285,1.748,Kaggle_data/train/Pichwai/image13_jpeg.rf.c7c346ee6f26655ca0763fffbf6d4397.jpg,Kaggle_data/train/Pichwai/images20_jpg.rf.0bae941146b0fbf319dd41a23ae9e0c9.jpg
718,34d721177e0c564e,9608065c68efe00d,unreviewed,,0.5283,0.884,Kaggle_data/train/Pichwai/0fd2df9315d8aba5cf9471c838a639aa_jpg.rf.e6ff0ed6e82000e63e9c895855b5a894.jpg,Kaggle_data/train/Pichwai/il_1140xN-3336549267_bg7z_jpg.rf.c6d5d9b6b93d92a2b36021acb61a7f51.jpg
719,9608065c68efe00d,a730e2df0ab9eba9,unreviewed,,0.5274,1.322,Kaggle_data/train/Pichwai/il_1140xN-3336549267_bg7z_jpg.rf.c6d5d9b6b93d92a2b36021acb61a7f51.jpg,Kaggle_data/train/Pichwai/The-folkart-rajasthan-pichwai-product-image-1-srinathji-sundari-silks_png.rf.fb88ae41c59ed1c2299c20f9fd3e4640.jpg
720,12eb68f9b401d0b8,9f89504e94b31ea8,unreviewed,,0.527,1.411,Kaggle_data/train/Pichwai/sddefault_jpg.rf.a7beaee1aa55d1080ca73eb4cbb8202a.jpg,Kaggle_data/train/Pichwai/WhatsAppImage2022-07-29at11-41-25AM_2_jpg.rf.0ba70bd45bbb310892de1fbfe5daee18.jpg
721,9608065c68efe00d,1b9535e0657d5308,unreviewed,,0.5267,1.379,Kaggle_data/train/Pichwai/il_1140xN-3336549267_bg7z_jpg.rf.c6d5d9b6b93d92a2b36021acb61a7f51.jpg,Kaggle_data/train/Pichwai/images22_jpg.rf.e1d6ad0a3d092a32d8bbf4955fce549f.jpg
722,44480df237811c28,a730e2df0ab9eba9,unreviewed,,0.5264,1.525,Kaggle_data/train/Pichwai/Pichwai20Patterns20_jpg.rf.ef4d01f2b458822b4c08b24cfcc61c21.jpg,Kaggle_data/train/Pichwai/The-folkart-rajasthan-pichwai-product-image-1-srinathji-sundari-silks_png.rf.fb88ae41c59ed1c2299c20f9fd3e4640.jpg
723,b5885f5b4e11a807,dfeed6380fae8633,unreviewed,,0.526,0.764,Kaggle_data/train/Banarasi/images161_jpg.rf.9fb70ce883536dc81f1c4675b1644bf7.jpg,Kaggle_data/valid/Banarasi/images79_jpg.rf.c7f929ae0bb918bb862314258c21b0c9.jpg
724,e8f1b9caeb45e8b9,310b01063eaa0142,unreviewed,,0.5251,1.074,Kaggle_data/train/Bandhani/20210407_103036-480x480_jpg.rf.0edc4da9daa1694820add04d2e201a8c.jpg,Kaggle_data/train/Ikat/images3_jpg.rf.b311ed3c60884a0982637af9ee6540d7.jpg
725,dd1bb6403061ca0c,dfeed6380fae8633,unreviewed,,0.5246,1.517,Kaggle_data/valid/Banarasi/image3_jpeg.rf.8f97d571ccb49620cbb8aa99aff96631.jpg,Kaggle_data/valid/Banarasi/images79_jpg.rf.c7f929ae0bb918bb862314258c21b0c9.jpg
726,d94cafe762516866,03215e1d2b178fa5,unreviewed,,0.5242,1.115,Kaggle_data/train/Bandhani/cambric-cotton-bandhani-fabric-full_jpg.rf.4d2b1ea89acc2eb881946302b7a688e5.jpg,Kaggle_data/train/Bandhani/RFTCOM116_jpg.rf.1c4bbdef98cb31f1296bcf30395ebf22.jpg
727,6e3ea01fdfaa7fab,e0f6ea862fd6d16b,unreviewed,,0.5242,1.814,Kaggle_data/test/Ikat/images21_jpg.rf.8df60421d89faa4aa3489188595371e8.jpg,Kaggle_data/valid/Bandhani/3369331327_jpg.rf.2cfc4e986a41ef45113d9c059674ce75.jpg
728,2184d41595fe02c5,12eb68f9b401d0b8,unreviewed,,0.5231,1.268,Kaggle_data/train/Pichwai/https3A2F2Fmedia-insider-in2Fimage2Fupload2Fc_crop2Cg_custom2Fv17105663332Flilp5egkdi1n7feyzajg_jpg.rf.87b8e898954852cf70faa3d9e623f37c.jpg,Kaggle_data/train/Pichwai/sddefault_jpg.rf.a7beaee1aa55d1080ca73eb4cbb8202a.jpg
729,b73e53ac77035ea6,aebafc968e1d9a56,unreviewed,,0.521,2.0,Kaggle_data/train/Banarasi/images9_jpg.rf.6be764615c17aac3553c5f7c0eff76c4.jpg,Kaggle_data/train/Ikat/91Id57ZGPQL-_AC_UY1100__jpg.rf.c3932c2a3b48be2beb5ef5695b451a7a.jpg
730,9934da9269ed2b9a,dd777c9bc52522fb,unreviewed,,0.5182,1.83,Kaggle_data/train/Banarasi/images11_jpg.rf.5ca78cbaeb1e3f8aa1353874882a9e20.jpg,Kaggle_data/valid/Pichwai/eig7q_512_webp.rf.2dfc1e8d10bf00012dc57816b8540945.jpg
731,89ae826ed2b85de9,60ebcbd89388fd52,unreviewed,,0.5181,1.557,Kaggle_data/train/Banarasi/images33_jpg.rf.23b904d721b487ad0b621bb11bb9e02f.jpg,Kaggle_data/valid/Banarasi/images149_jpg.rf.5905e4ca06f078d7bd69ba8d05d4d52c.jpg
732,f51f877055382ff0,a14d4ba0556d030a,unreviewed,,0.5166,1.128,Kaggle_data/train/Banarasi/images115_jpg.rf.ed775f7aecbc316414d19eee3db6613e.jpg,Kaggle_data/train/Banarasi/images169_jpg.rf.55d29f572c8370b7b355d9e61ed039f3.jpg
733,36e457143d44d649,f96b0704b60982c1,unreviewed,,0.5161,1.981,Kaggle_data/train/Banarasi/images76_jpg.rf.fe76930b0949e7ddffa68e799984ad36.jpg,Kaggle_data/train/Ikat/82045761-397D-4E96-95F8-C0C9C0D99272_jpg.rf.5e745ecee026ec3f9307b5896271a485.jpg
734,2cd5d2f6fd8a2a37,1f7ea09e5f0c2262,unreviewed,,0.516,0.872,Kaggle_data/train/Pichwai/image33_jpeg.rf.315e5c1ffdb1bdad4c7e3bba067d1792.jpg,Kaggle_data/valid/Pichwai/Pichwai20forest20lake20landscape20Painting_jpg.rf.e520c627f85ed0b0c5b97e8842c630ae.jpg
735,f96b0704b60982c1,093328e925573bf7,unreviewed,,0.5113,1.479,Kaggle_data/train/Ikat/82045761-397D-4E96-95F8-C0C9C0D99272_jpg.rf.5e745ecee026ec3f9307b5896271a485.jpg,Kaggle_data/valid/Ikat/images12_jpg.rf.587d1b7c883bcd6e50dfaabe171b62b7.jpg
736,b19a8ddf30e0edba,aec8856c687e5a6c,unreviewed,,0.5087,1.688,Kaggle_data/train/Pichwai/image25_jpeg.rf.4a5d601d89f9cab535034cd244af7307.jpg,Kaggle_data/train/Pichwai/pastel-hand-painted-pure-moonga-silk-pichwai-blouse-fabric-1-mtr-775928_jpg.rf.331e91b674d80ec395c662cca559c142.jpg
737,607eae9e7f789e97,6488b3d70fde322f,unreviewed,,0.5072,1.235,Kaggle_data/train/Pichwai/91iBR3xJlKL_jpg.rf.075962235bd386387118522dbefbdbe8.jpg,Kaggle_data/train/Pichwai/E091D122GA0501004000_A-600x667-JPG_jpg.rf.42223a5856154f753de2b2d2bf5b01c9.jpg
738,a9b338a80e59ef2e,93b1de3180b9b2ab,unreviewed,,0.5045,1.299,Kaggle_data/train/Pichwai/DSC07221_Medium_87b37a73-5171-47f6-af65-9602d6206692_jpg.rf.3560847fff69247fc6412bba3fac73c6.jpg,Kaggle_data/train/Pichwai/Instagrampost-256_800x_png.rf.2fd70e72b8f0846ee8b664d024eab506.jpg
739,6e3ea01fdfaa7fab,ba0c0e3556fb06a2,unreviewed,,0.5014,0.933,Kaggle_data/test/Ikat/images21_jpg.rf.8df60421d89faa4aa3489188595371e8.jpg,Kaggle_data/valid/Banarasi/images29_jpg.rf.5eddd70104f847e7469df48943649f6e.jpg
740,871f56575e6b3226,b64f816405455500,unreviewed,,0.5006,1.986,Kaggle_data/train/Banarasi/image8_jpeg.rf.0d657092523e97bb69358c1a572f91e1.jpg,Kaggle_data/train/Bandhani/IMG_1093_f0e1e7c5-aa80-4e27-a5e8-b775856bf48b_jpg.rf.958c2c933d92e2a529bf81fbf366e124.jpg
741,6488b3d70fde322f,49797ba5d5b290ae,unreviewed,,0.4979,1.07,Kaggle_data/train/Pichwai/E091D122GA0501004000_A-600x667-JPG_jpg.rf.42223a5856154f753de2b2d2bf5b01c9.jpg,Kaggle_data/train/Pichwai/image22_jpeg.rf.75231a3d90dcd118fe05a6b275bd37a1.jpg
742,a0087de7ef1ef048,f96b0704b60982c1,unreviewed,,0.4975,1.969,Kaggle_data/train/Ikat/81wSwI-oXkL-_AC_UY1100__jpg.rf.5ead837748d0b3b1ff6b4c3e4e98551e.jpg,Kaggle_data/train/Ikat/82045761-397D-4E96-95F8-C0C9C0D99272_jpg.rf.5e745ecee026ec3f9307b5896271a485.jpg
743,ab0de7d56047cd0d,6e56daf33967f492,unreviewed,,0.4937,1.157,Kaggle_data/test/Ikat/image31_jpeg.rf.ce3d9bcec77710f5c4ff4472c9e369e7.jpg,Kaggle_data/train/Bandhani/bandhani-printed-rayon-fabric_jpg.rf.34b229445e66b4461b4870d42eb25e94.jpg
744,579402a896964722,b64f816405455500,unreviewed,,0.4927,1.994,Kaggle_data/train/Banarasi/images53_jpg.rf.af67ae7453fb8698ad6a78c11e7ad46c.jpg,Kaggle_data/train/Bandhani/IMG_1093_f0e1e7c5-aa80-4e27-a5e8-b775856bf48b_jpg.rf.958c2c933d92e2a529bf81fbf366e124.jpg
745,23c5ef40f17000f5,d831d1234427ceb5,unreviewed,,0.4913,1.481,Kaggle_data/train/Ikat/3E9A9863_c343de3b-c5eb-4c55-a9ac-660be72eb393_jpg.rf.d714e6a9643863f61f5b6a245aeed2dc.jpg,Kaggle_data/train/Pichwai/Img1-1-555x832_jpg.rf.05a520f345441942e35952ad43c741f6.jpg
746,75d5397339f4c624,c796fdf2ef3999b1,unreviewed,,0.4888,1.272,Kaggle_data/train/Banarasi/banarasi-fabric_jpg.rf.a5d91ad42de4a5a8674c47aa8da5ab12.jpg,Kaggle_data/valid/Banarasi/images154_jpg.rf.b674514d7e50547d165575196b3a0bf8.jpg
747,579aed680c0fa176,46f23915358f874c,unreviewed,,0.4871,1.088,Kaggle_data/test/Bandhani/58-inch-bandhani-chiffon-print-fabric_jpg.rf.9c83779b83bf2875a556ec9139d9a7c8.jpg,Kaggle_data/train/Bandhani/20211105-170537_jpg.rf.adf4521e7573daa190eadbe29983a08e.jpg
748,e72d469145eb23fd,ac1fa0df8059a69c,unreviewed,,0.4847,0.871,Kaggle_data/test/Bandhani/Bandhani-Fabric-Jodhpur_jpg.rf.1392e5ff2293a80a44eb452da0308616.jpg,Kaggle_data/train/Bandhani/kutch-bandhani-dress-materialbandhej-dress-810x456_large_jpg.rf.dfb199e032f3e857ea27ffe72e0ebb08.jpg
749,a5f6a67dba4a5b1a,dd777c9bc52522fb,unreviewed,,0.4846,1.643,Kaggle_data/train/Ikat/1TTXGENAP06537_1_jpg.rf.2b353682200ba3ec06b5e1fae1623639.jpg,Kaggle_data/valid/Pichwai/eig7q_512_webp.rf.2dfc1e8d10bf00012dc57816b8540945.jpg
750,b73e53ac77035ea6,093328e925573bf7,unreviewed,,0.4825,1.785,Kaggle_data/train/Banarasi/images9_jpg.rf.6be764615c17aac3553c5f7c0eff76c4.jpg,Kaggle_data/valid/Ikat/images12_jpg.rf.587d1b7c883bcd6e50dfaabe171b62b7.jpg
751,91e8af7703a114c5,c284503379097bdc,unreviewed,,0.4809,2.0,Kaggle_data/train/Banarasi/images31_jpg.rf.f96c28091b113c1dcca186ff9313b93b.jpg,Kaggle_data/train/Banarasi/images84_jpg.rf.2467ae90a680a0762d5d687772a813ab.jpg
752,91e8af7703a114c5,6026f273bdf936d0,unreviewed,,0.4759,2.0,Kaggle_data/train/Banarasi/images31_jpg.rf.f96c28091b113c1dcca186ff9313b93b.jpg,Kaggle_data/valid/Ikat/81849CP8LNL-_AC_UF10001000_QL80__jpg.rf.0b82cb725dca143a422f42b8fb723e9d.jpg
753,16bb4a8d013246cb,b73e53ac77035ea6,unreviewed,,0.4707,1.763,Kaggle_data/test/Pichwai/poly-mul-mul-creative-kalamkari-pichwai-fabric_png.rf.bb5a9dffd415489f4f98ae8d038edc55.jpg,Kaggle_data/train/Banarasi/images9_jpg.rf.6be764615c17aac3553c5f7c0eff76c4.jpg
754,f51f877055382ff0,f58fec8aaf2ad635,unreviewed,,0.4695,1.163,Kaggle_data/train/Banarasi/images115_jpg.rf.ed775f7aecbc316414d19eee3db6613e.jpg,Kaggle_data/valid/Pichwai/images13_jpg.rf.b1b9fd7cc1bfc8df2ae4285a5b9f41fb.jpg
755,a27e40ffe7ac36e8,68ff6f593ce77657,unreviewed,,0.4616,1.957,Kaggle_data/test/Bandhani/images9_jpg.rf.5c86ae424b2fc4c9aafc8b3ee11d6f4c.jpg,Kaggle_data/train/Bandhani/images2_jpg.rf.44ebc07dbb84a4fa7f8bf4322f7a72e7.jpg
756,131304cd467b3699,f51f877055382ff0,unreviewed,,0.4581,0.989,Kaggle_data/train/Banarasi/image19_jpeg.rf.eacfbd129a995ce1caac234858597109.jpg,Kaggle_data/train/Banarasi/images115_jpg.rf.ed775f7aecbc316414d19eee3db6613e.jpg
757,e72d469145eb23fd,ee05f5689924af75,unreviewed,,0.4492,1.66,Kaggle_data/test/Bandhani/Bandhani-Fabric-Jodhpur_jpg.rf.1392e5ff2293a80a44eb452da0308616.jpg,Kaggle_data/train/Bandhani/IMG_1075_53fed6ab-fbec-4660-918c-7006fbefeb17_jpg.rf.d520a708c5f234d63af4789f44cb61a0.jpg
758,5952128ceefef1fa,7ca26d2aed78238c,unreviewed,,0.4458,1.749,Kaggle_data/test/Ikat/images7_jpg.rf.a32bf76b5712c64c5c360be15db1db0e.jpg,Kaggle_data/train/Ikat/images4_jpg.rf.a946d664d0acc0eeba73bbb244189004.jpg
759,a9b338a80e59ef2e,4037311e1200d5bb,unreviewed,,0.4458,1.442,Kaggle_data/train/Pichwai/DSC07221_Medium_87b37a73-5171-47f6-af65-9602d6206692_jpg.rf.3560847fff69247fc6412bba3fac73c6.jpg,Kaggle_data/train/Pichwai/images17_jpg.rf.b10092c8af99d8029af8e397a45bdbbe.jpg
760,15ba33f46472eb68,d831d1234427ceb5,unreviewed,,0.4448,1.305,Kaggle_data/train/Pichwai/images16_jpg.rf.e30d932a44c6c5794722f6d583af57e3.jpg,Kaggle_data/train/Pichwai/Img1-1-555x832_jpg.rf.05a520f345441942e35952ad43c741f6.jpg
761,ac1fa0df8059a69c,1efde3fb3a9063bf,unreviewed,,0.4437,0.977,Kaggle_data/train/Bandhani/kutch-bandhani-dress-materialbandhej-dress-810x456_large_jpg.rf.dfb199e032f3e857ea27ffe72e0ebb08.jpg,Kaggle_data/train/Pichwai/sddefault2_jpg.rf.6eee2af369951811fc961d0933378df5.jpg
762,a27e40ffe7ac36e8,dfeed6380fae8633,unreviewed,,0.4411,1.453,Kaggle_data/test/Bandhani/images9_jpg.rf.5c86ae424b2fc4c9aafc8b3ee11d6f4c.jpg,Kaggle_data/valid/Banarasi/images79_jpg.rf.c7f929ae0bb918bb862314258c21b0c9.jpg
763,a27e40ffe7ac36e8,dd1bb6403061ca0c,unreviewed,,0.4371,1.145,Kaggle_data/test/Bandhani/images9_jpg.rf.5c86ae424b2fc4c9aafc8b3ee11d6f4c.jpg,Kaggle_data/valid/Banarasi/image3_jpeg.rf.8f97d571ccb49620cbb8aa99aff96631.jpg
764,e72d469145eb23fd,36143cac34449749,unreviewed,,0.4353,0.985,Kaggle_data/test/Bandhani/Bandhani-Fabric-Jodhpur_jpg.rf.1392e5ff2293a80a44eb452da0308616.jpg,Kaggle_data/train/Bandhani/image27_jpeg.rf.27d745cda837a8afe20c2e80236d77f6.jpg
765,b38978795ba74e62,cb97245b85b7931b,unreviewed,,0.4257,1.066,Kaggle_data/test/Banarasi/images139_jpg.rf.40a5b3b2fd46777a7a4784a747e83e87.jpg,Kaggle_data/train/Banarasi/images3_jpg.rf.bd1d9eaf138fe922eba2472187d2f02c.jpg
766,a14d4ba0556d030a,cb97245b85b7931b,unreviewed,,0.4253,0.902,Kaggle_data/train/Banarasi/images169_jpg.rf.55d29f572c8370b7b355d9e61ed039f3.jpg,Kaggle_data/train/Banarasi/images3_jpg.rf.bd1d9eaf138fe922eba2472187d2f02c.jpg
767,2184d41595fe02c5,fd8fe5bde2b04959,unreviewed,,0.4211,1.631,Kaggle_data/train/Pichwai/https3A2F2Fmedia-insider-in2Fimage2Fupload2Fc_crop2Cg_custom2Fv17105663332Flilp5egkdi1n7feyzajg_jpg.rf.87b8e898954852cf70faa3d9e623f37c.jpg,Kaggle_data/train/Pichwai/image15_jpeg.rf.d6bf158038f7b6f70c093600330b4569.jpg
768,b64f816405455500,c33f21528eff8bf0,unreviewed,,0.4204,1.841,Kaggle_data/train/Bandhani/IMG_1093_f0e1e7c5-aa80-4e27-a5e8-b775856bf48b_jpg.rf.958c2c933d92e2a529bf81fbf366e124.jpg,Kaggle_data/train/Pichwai/PichwaiSaree_174d6518-4521-401b-b8a5-1b562e5852c3_jpg.rf.4d26d5c5bfe82e7c51fad2041835e629.jpg
769,ecd46ad00ca77b31,1f7ea09e5f0c2262,unreviewed,,0.3975,1.047,Kaggle_data/train/Bandhani/bandhani-bandhej-tie-dye-tie-dyeing-textile-fabrics-cloth-rajasthan-ET0WC6_jpg.rf.bd74d06a5daa8d8a23a4c9b53500e615.jpg,Kaggle_data/valid/Pichwai/Pichwai20forest20lake20landscape20Painting_jpg.rf.e520c627f85ed0b0c5b97e8842c630ae.jpg
770,cb97245b85b7931b,d03088e9cc05c2e0,unreviewed,,0.3963,1.672,Kaggle_data/train/Banarasi/images3_jpg.rf.bd1d9eaf138fe922eba2472187d2f02c.jpg,Kaggle_data/train/Banarasi/images99_jpg.rf.fc64e4871eed1206368e1353e19c00e7.jpg
771,ecd46ad00ca77b31,ac1fa0df8059a69c,unreviewed,,0.3923,1.154,Kaggle_data/train/Bandhani/bandhani-bandhej-tie-dye-tie-dyeing-textile-fabrics-cloth-rajasthan-ET0WC6_jpg.rf.bd74d06a5daa8d8a23a4c9b53500e615.jpg,Kaggle_data/train/Bandhani/kutch-bandhani-dress-materialbandhej-dress-810x456_large_jpg.rf.dfb199e032f3e857ea27ffe72e0ebb08.jpg
772,5952128ceefef1fa,a14d4ba0556d030a,unreviewed,,0.3837,1.129,Kaggle_data/test/Ikat/images7_jpg.rf.a32bf76b5712c64c5c360be15db1db0e.jpg,Kaggle_data/train/Banarasi/images169_jpg.rf.55d29f572c8370b7b355d9e61ed039f3.jpg
773,5952128ceefef1fa,f51f877055382ff0,unreviewed,,0.383,1.641,Kaggle_data/test/Ikat/images7_jpg.rf.a32bf76b5712c64c5c360be15db1db0e.jpg,Kaggle_data/train/Banarasi/images115_jpg.rf.ed775f7aecbc316414d19eee3db6613e.jpg
774,d831d1234427ceb5,1efde3fb3a9063bf,unreviewed,,0.38,0.744,Kaggle_data/train/Pichwai/Img1-1-555x832_jpg.rf.05a520f345441942e35952ad43c741f6.jpg,Kaggle_data/train/Pichwai/sddefault2_jpg.rf.6eee2af369951811fc961d0933378df5.jpg
775,b916f9e7e91107a0,e73a40d6569bc6be,unreviewed,,0.3709,1.516,Kaggle_data/train/Bandhani/20211105-171444-500x500_jpg.rf.e1a9d1d33126830ab6bdf2d1f1b72137.jpg,Kaggle_data/valid/Bandhani/RFTCOM120_jpg.rf.3ddb5a4b99a0c4baa5d2df3e9213221a.jpg
776,e07331c3b735512b,2184d41595fe02c5,unreviewed,,0.3707,1.263,Kaggle_data/test/Pichwai/il_570xN-5372611899_fdxt_jpg.rf.81850fde0c7e27df116381031df71497.jpg,Kaggle_data/train/Pichwai/https3A2F2Fmedia-insider-in2Fimage2Fupload2Fc_crop2Cg_custom2Fv17105663332Flilp5egkdi1n7feyzajg_jpg.rf.87b8e898954852cf70faa3d9e623f37c.jpg
777,e72d469145eb23fd,1efde3fb3a9063bf,unreviewed,,0.3701,1.103,Kaggle_data/test/Bandhani/Bandhani-Fabric-Jodhpur_jpg.rf.1392e5ff2293a80a44eb452da0308616.jpg,Kaggle_data/train/Pichwai/sddefault2_jpg.rf.6eee2af369951811fc961d0933378df5.jpg
778,6488b3d70fde322f,88b031b2f6092ef8,unreviewed,,0.3664,0.702,Kaggle_data/train/Pichwai/E091D122GA0501004000_A-600x667-JPG_jpg.rf.42223a5856154f753de2b2d2bf5b01c9.jpg,Kaggle_data/valid/Pichwai/il_570xN-3329180972_3yxa_jpg.rf.02da324806f86e347bf4ec25f85db6a1.jpg
779,dd1bb6403061ca0c,e73a40d6569bc6be,unreviewed,,0.366,1.727,Kaggle_data/valid/Banarasi/image3_jpeg.rf.8f97d571ccb49620cbb8aa99aff96631.jpg,Kaggle_data/valid/Bandhani/RFTCOM120_jpg.rf.3ddb5a4b99a0c4baa5d2df3e9213221a.jpg
780,ecd46ad00ca77b31,2cd5d2f6fd8a2a37,unreviewed,,0.3555,0.742,Kaggle_data/train/Bandhani/bandhani-bandhej-tie-dye-tie-dyeing-textile-fabrics-cloth-rajasthan-ET0WC6_jpg.rf.bd74d06a5daa8d8a23a4c9b53500e615.jpg,Kaggle_data/train/Pichwai/image33_jpeg.rf.315e5c1ffdb1bdad4c7e3bba067d1792.jpg
781,ab0de7d56047cd0d,204bd9ff5fd740eb,unreviewed,,0.3494,1.104,Kaggle_data/test/Ikat/image31_jpeg.rf.ce3d9bcec77710f5c4ff4472c9e369e7.jpg,Kaggle_data/train/Ikat/images23_jpg.rf.a60a37d45a60a075a99105dc5495ea70.jpg
782,1b9535e0657d5308,88b031b2f6092ef8,unreviewed,,0.3383,0.632,Kaggle_data/train/Pichwai/images22_jpg.rf.e1d6ad0a3d092a32d8bbf4955fce549f.jpg,Kaggle_data/valid/Pichwai/il_570xN-3329180972_3yxa_jpg.rf.02da324806f86e347bf4ec25f85db6a1.jpg
783,aff13fa21d874c15,170448b8696510a5,unreviewed,,0.3341,1.684,Kaggle_data/test/Pichwai/PINK-AND-BLUE-PICHWAI-STRIPED-PRINT_58ac5c1d-9633-448d-bda9-e23812e4c35e_jpg.rf.3e2762f066b8e536154ab1252a896b96.jpg,Kaggle_data/train/Bandhani/2024-indian-premier-league-final-6753651837110502-3-shs_png.rf.e8cdbbc80a5927360bdc36984f4269a7.jpg
784,d69c3d7009cdc274,189aa130f383eecc,unreviewed,,0.3277,1.228,Kaggle_data/test/Pichwai/image6_jpeg.rf.120c25820894391f2e995a69ff8630ac.jpg,Kaggle_data/train/Pichwai/images12_jpg.rf.35bbd7477776b0f6c3fe8bc090ce7fd8.jpg
785,170448b8696510a5,ea7b9ff55c08943f,unreviewed,,0.322,1.989,Kaggle_data/train/Bandhani/2024-indian-premier-league-final-6753651837110502-3-shs_png.rf.e8cdbbc80a5927360bdc36984f4269a7.jpg,Kaggle_data/train/Ikat/IKKA356-F-1002485_3_492e372d-c9b3-4e51-9816-205f0d64ce22_jpg.rf.a08ebd5eb5ba6e35fd355180fd8b150b.jpg
786,34d721177e0c564e,189aa130f383eecc,unreviewed,,0.3085,1.11,Kaggle_data/train/Pichwai/0fd2df9315d8aba5cf9471c838a639aa_jpg.rf.e6ff0ed6e82000e63e9c895855b5a894.jpg,Kaggle_data/train/Pichwai/images12_jpg.rf.35bbd7477776b0f6c3fe8bc090ce7fd8.jpg
787,c8df8fdeee4948e8,92d63028022600f4,unreviewed,,0.3082,1.492,Kaggle_data/train/Pichwai/images20_jpg.rf.0bae941146b0fbf319dd41a23ae9e0c9.jpg,Kaggle_data/valid/Pichwai/116_webp.rf.423160b35801b4353b664a8fcc5308d8.jpg
788,cb97245b85b7931b,92d63028022600f4,unreviewed,,0.2666,0.653,Kaggle_data/train/Banarasi/images3_jpg.rf.bd1d9eaf138fe922eba2472187d2f02c.jpg,Kaggle_data/valid/Pichwai/116_webp.rf.423160b35801b4353b664a8fcc5308d8.jpg
